시도명,시군구명,법정동명,법정동코드,기준연월,청년연령기준,총인구수,청년인구수,청년비율,총가구수,1인가구수,1인가구비율,기초수급가구수,기초수급가구비율,연결된_행정동수
서울특별시,강남구,역삼동,1168010100,2024,20-39세,70432,25023,0.35527885052248975,35532,19469,0.5479286277158617,1466,0.0412585838117753,2
서울특별시,강남구,개포동,1168010300,2024,20-39세,84097,20600,0.24495523026980748,30102,6347,0.210849777423427,1223,0.04062852966580294,5
서울특별시,강남구,청담동,1168010400,2024,20-39세,24000,6524,0.2718333333333333,9625,3253,0.337974025974026,172,0.01787012987012987,1
서울특별시,강남구,삼성동,1168010500,2024,20-39세,42442,11625,0.27390320908534,17415,6474,0.37174849267872523,485,0.027849554981337926,2
서울특별시,강남구,대치동,1168010600,2024,20-39세,86682,17856,0.2059943240811241,31092,7696,0.24752347870834943,960,0.030876109610189117,5
서울특별시,강남구,신사동,1168010700,2024,20-39세,10630,2434,0.22897460018814675,3900,1006,0.25794871794871793,72,0.018461538461538463,2
서울특별시,강남구,논현동,1168010800,2024,20-39세,40976,15851,0.38683619679812575,22042,12552,0.5694583068687052,1159,0.05258143544143,2
서울특별시,강남구,압구정동,1168011000,2024,20-39세,30192,6912,0.2289348171701113,11081,2862,0.2582799386336973,205,0.018500135366844146,2
서울특별시,강남구,세곡동,1168011100,2024,20-39세,14061,3981,0.2831235331768722,5829,2076,0.3561502830674215,516,0.0885229027277406,1
서울특별시,강남구,자곡동,1168011200,2024,20-39세,28400,8041,0.2831338028169014,11773,4193,0.35615391149239783,1043,0.08859254225770831,1
서울특별시,강남구,율현동,1168011300,2024,20-39세,3798,1075,0.2830437072143233,1574,560,0.35578144853875476,139,0.08831003811944091,1
서울특별시,강남구,일원동,1168011400,2024,20-39세,43759,10599,0.24221303046230488,16426,4176,0.254231097041276,1254,0.0763423840253257,5
서울특별시,강남구,수서동,1168011500,2024,20-39세,25034,5526,0.22073979388032275,11716,4921,0.4200238989416183,3208,0.27381358825537727,3
서울특별시,강남구,도곡동,1168011800,2024,20-39세,52835,11540,0.2184158228447052,18219,3681,0.20204182446896096,199,0.010922663153850376,2
서울특별시,강동구,명일동,1174010100,2024,20-39세,41673,9953,0.23883569697405993,15439,3562,0.23071442450935942,499,0.03232074616231621,2
서울특별시,강동구,고덕동,1174010200,2024,20-39세,49143,10247,0.20851392873857924,17218,3225,0.1873039842025787,797,0.04628876756882332,2
서울특별시,강동구,상일동,1174010300,2024,20-39세,73674,16445,0.22321307381165675,26449,5409,0.20450678664599795,2084,0.07879314907936028,4
서울특별시,강동구,길동,1174010500,2024,20-39세,47553,14409,0.30300927386284776,21745,8975,0.41273856058864106,1501,0.06902736261209473,1
서울특별시,강동구,둔촌동,1174010600,2024,20-39세,35611,10221,0.28701805621858417,9621,2723,0.2830267123999584,500,0.051969649724560855,2
서울특별시,강동구,암사동,1174010700,2024,20-39세,64853,16883,0.26032720151727756,26483,8050,0.30396858361968054,1942,0.07333006079371672,3
서울특별시,강동구,성내동,1174010800,2024,20-39세,64705,20215,0.312417896607681,30283,12869,0.4249578971700294,1920,0.06340190866162533,3
서울특별시,강동구,천호동,1174010900,2024,20-39세,86025,27667,0.32161580935774486,41793,19400,0.46419256813341947,4508,0.10786495346110593,3
서울특별시,강동구,강일동,1174011000,2024,20-39세,13704,3104,0.22650321074138938,5337,1387,0.25988382986696645,703,0.13172194116544875,1
서울특별시,강북구,미아동,1130510100,2024,20-39세,126019,30732,0.24386798816051547,55778,21302,0.38190684499264943,7122,0.12768475025995912,5
서울특별시,강북구,번동,1130510200,2024,20-39세,46825,11457,0.2446769887880406,23031,10239,0.44457470366028395,4892,0.212409361295645,3
서울특별시,강북구,수유동,1130510300,2024,20-39세,108880,28182,0.25883541513592945,51296,21871,0.42636852776044915,6814,0.13283686837180286,5
서울특별시,강북구,우이동,1130510400,2024,20-39세,1872,432,0.23076923076923078,823,292,0.35479951397326853,101,0.1227217496962333,1
서울특별시,강서구,염창동,1150010100,2024,20-39세,27194,8150,0.2996984628962271,11471,3824,0.3333623921192573,945,0.08238165809432482,2
서울특별시,강서구,등촌동,1150010200,2024,20-39세,87246,31855,0.36511702542236896,44302,22191,0.5009028937745474,5035,0.11365175387115706,4
서울특별시,강서구,화곡동,1150010300,2024,20-39세,223131,69779,0.31272660455068996,103190,42623,0.41305359046419227,8240,0.07985269890493264,8
서울특별시,강서구,가양동,1150010400,2024,20-39세,48885,15668,0.3205073130817224,23951,11200,0.4676213936787608,3795,0.15844849901883012,4
서울특별시,강서구,마곡동,1150010500,2024,20-39세,73542,21041,0.2861086182045634,32124,12354,0.384572282405678,2705,0.08420495579628938,5
서울특별시,강서구,내발산동,1150010600,2024,20-39세,22174,5082,0.22918733652024895,8075,1713,0.21213622291021672,615,0.0761609907120743,2
서울특별시,강서구,외발산동,1150010700,2024,20-39세,312,70,0.22435897435897437,113,23,0.20353982300884957,11,0.09734513274336283,1
서울특별시,강서구,공항동,1150010800,2024,20-39세,8821,2314,0.26232853417979823,3621,1176,0.3247721623860812,274,0.07566970450151891,2
서울특별시,강서구,방화동,1150010900,2024,20-39세,64280,17593,0.27369321717486,28897,11503,0.3980690037028065,3404,0.117797695262484,4
서울특별시,강서구,개화동,1150011000,2024,20-39세,570,174,0.30526315789473685,278,129,0.46402877697841727,38,0.1366906474820144,1
서울특별시,강서구,과해동,1150011100,2024,20-39세,0,0,0.0,0,0,0.0,0,0.0,1
서울특별시,강서구,오곡동,1150011200,2024,20-39세,2,0,0.0,0,0,0.0,0,0.0,1
서울특별시,강서구,오쇠동,1150011300,2024,20-39세,3,0,0.0,1,0,0.0,0,0.0,1
서울특별시,관악구,봉천동,1162010100,2024,20-39세,219780,90049,0.4097233597233597,118993,67447,0.5668148546553159,7749,0.06512147773398436,9
서울특별시,관악구,신림동,1162010200,2024,20-39세,240525,97244,0.40429892942521567,136086,81392,0.5980923827579618,11958,0.08787090516291168,11
서울특별시,관악구,남현동,1162010300,2024,20-39세,17507,7374,0.4212029473924716,9069,4766,0.5255265189105744,303,0.03341051935163745,1
서울특별시,광진구,중곡동,1121510100,2024,20-39세,77946,25302,0.32460934493110616,37406,16661,0.4454098273004331,3828,0.10233652355237127,4
서울특별시,광진구,능동,1121510200,2024,20-39세,10903,4583,0.42034302485554437,6142,3594,0.5851514164767176,331,0.05389124063822859,1
서울특별시,광진구,구의동,1121510300,2024,20-39세,75913,24347,0.3207224059120309,34092,13853,0.40634166373342717,2218,0.06505925143728734,3
서울특별시,광진구,광장동,1121510400,2024,20-39세,33788,7131,0.21105126080265182,11151,1707,0.15308044121603442,228,0.020446596717783157,1
서울특별시,광진구,자양동,1121510500,2024,20-39세,91804,28489,0.3103241688815302,41345,16670,0.4031926472366671,3025,0.07316483250695369,4
서울특별시,광진구,화양동,1121510700,2024,20-39세,22880,14859,0.6494318181818182,17461,13728,0.7862092663650421,639,0.03659584216253365,1
서울특별시,광진구,군자동,1121510900,2024,20-39세,18729,7530,0.4020502963318917,11012,6720,0.6102433708681438,759,0.06892480929894661,1
서울특별시,구로구,신도림동,1153010100,2024,20-39세,36001,9971,0.2769645287630899,13665,3350,0.2451518477863154,175,0.012806439809732895,1
서울특별시,구로구,구로동,1153010200,2024,20-39세,112687,35664,0.3164872611747584,55466,25251,0.4552518660080049,3058,0.05513287419319944,5
서울특별시,구로구,가리봉동,1153010300,2024,20-39세,8737,3082,0.35275266109648623,5223,3379,0.6469461995022018,668,0.1278958452996362,1
서울특별시,구로구,고척동,1153010600,2024,20-39세,51900,14248,0.27452793834296724,21703,6736,0.31037183799474727,1649,0.0759802792240704,2
서울특별시,구로구,개봉동,1153010700,2024,20-39세,81589,20319,0.24904092463444827,33547,9374,0.2794288610009837,2592,0.07726473306107849,3
서울특별시,구로구,오류동,1153010800,2024,20-39세,43276,13165,0.3042101857842684,20235,8570,0.42352359772671117,1869,0.09236471460340993,2
서울특별시,구로구,궁동,1153010900,2024,20-39세,13826,3293,0.23817445392738318,5727,1677,0.2928234677841802,567,0.09900471451021477,1
서울특별시,구로구,온수동,1153011000,2024,20-39세,8573,2042,0.23818966522804152,3551,1040,0.2928752464094621,351,0.09884539566319346,1
서울특별시,구로구,천왕동,1153011100,2024,20-39세,7607,1729,0.22729065334560272,3063,873,0.2850146914789422,318,0.10381978452497552,1
서울특별시,구로구,항동,1153011200,2024,20-39세,23971,5781,0.24116640941137207,9206,2379,0.25841842276776017,788,0.08559635020638715,2
서울특별시,금천구,가산동,1154510100,2024,20-39세,24875,13753,0.5528844221105528,17085,12732,0.7452151009657595,831,0.04863915715539947,1
서울특별시,금천구,독산동,1154510200,2024,20-39세,101783,34354,0.3375219830423548,51783,25190,0.4864530830581465,4747,0.0916710117219937,4
서울특별시,금천구,시흥동,1154510300,2024,20-39세,98501,23981,0.24345945726439325,43808,15936,0.36376917457998537,5625,0.12840120525931337,5
서울특별시,노원구,월계동,1135010200,2024,20-39세,73754,18504,0.25088808742576674,32955,11947,0.36252465483234714,4631,0.14052495827643757,3
서울특별시,노원구,공릉동,1135010300,2024,20-39세,76873,23822,0.30988773691673277,34760,14440,0.4154200230149597,2782,0.08003452243958573,2
서울특별시,노원구,하계동,1135010400,2024,20-39세,46615,12050,0.2585004826772498,18376,5732,0.3119286025250326,3044,0.16565084893339138,2
서울특별시,노원구,상계동,1135010500,2024,20-39세,207138,52957,0.25566047755602545,86655,26709,0.3082222606889389,8663,0.09997114996249495,9
서울특별시,노원구,중계동,1135010600,2024,20-39세,86866,17611,0.2027375497893307,32919,8353,0.25374403839727816,4777,0.14511376408760898,4
서울특별시,도봉구,쌍문동,1132010500,2024,20-39세,72218,17980,0.24896840122961034,31350,10783,0.34395534290271135,3113,0.0992982456140351,4
서울특별시,도봉구,방학동,1132010600,2024,20-39세,71158,15711,0.22079035386042328,29848,9629,0.32260117930849636,3862,0.1293889037791477,3
서울특별시,도봉구,창동,1132010700,2024,20-39세,114255,29484,0.2580543521071288,48340,15737,0.3255482002482416,3568,0.07381050889532478,5
서울특별시,도봉구,도봉동,1132010800,2024,20-39세,45597,9882,0.21672478452529773,20303,7198,0.3545288873565483,2592,0.127665862187854,2
서울특별시,동대문구,신설동,1123010100,2024,20-39세,3688,1347,0.36523861171366595,1891,995,0.526176626123744,148,0.07826546800634585,1
서울특별시,동대문구,용두동,1123010200,2024,20-39세,34931,12759,0.3652629469525636,17915,9430,0.526374546469439,1402,0.07825844264582751,1
서울특별시,동대문구,제기동,1123010300,2024,20-39세,22895,7429,0.3244813278008299,11586,6030,0.5204557224236147,1393,0.12023131365441049,1
서울특별시,동대문구,전농동,1123010400,2024,20-39세,63869,17895,0.2801828743208755,28508,11040,0.38725971657078717,2581,0.09053598989757261,3
서울특별시,동대문구,답십리동,1123010500,2024,20-39세,41552,11765,0.2831391990758568,17970,6308,0.35102949360044516,1487,0.08274902615470228,2
서울특별시,동대문구,장안동,1123010600,2024,20-39세,70027,19125,0.2731089436931469,30065,10799,0.3591884250789955,2354,0.07829702311658074,2
서울특별시,동대문구,청량리동,1123010700,2024,20-39세,18473,4329,0.2343420126671358,8872,4095,0.46156447249774574,1632,0.18394950405770966,1
서울특별시,동대문구,회기동,1123010800,2024,20-39세,10229,4868,0.475901847687946,6548,4475,0.68341478313989,292,0.04459376908979841,1
서울특별시,동대문구,휘경동,1123010900,2024,20-39세,37494,14510,0.3869952525737451,19139,10049,0.5250535555671665,840,0.04388944040963478,2
서울특별시,동대문구,이문동,1123011000,2024,20-39세,35576,11659,0.3277209354621093,18271,9132,0.49980843960374366,1239,0.06781238027475234,2
서울특별시,동작구,노량진동,1159010100,2024,20-39세,32211,12207,0.37896991710906214,17042,9436,0.553690881351954,1399,0.08209130383757775,2
서울특별시,동작구,상도동,1159010200,2024,20-39세,120263,40028,0.3328371984733459,55868,24416,0.4370301424786998,3384,0.060571346745901054,4
서울특별시,동작구,상도1동,1159010300,2024,20-39세,3444,1264,0.3670150987224158,1667,806,0.483503299340132,80,0.04799040191961608,1
서울특별시,동작구,본동,1159010400,2024,20-39세,8492,3154,0.3714083843617522,4229,2111,0.49917238117758334,296,0.06999290612437929,1
서울특별시,동작구,흑석동,1159010500,2024,20-39세,30087,8492,0.2822481470402499,12302,3933,0.31970411315233294,480,0.03901804584620387,1
서울특별시,동작구,동작동,1159010600,2024,20-39세,1514,420,0.2774108322324967,630,200,0.31746031746031744,32,0.050793650793650794,1
서울특별시,동작구,사당동,1159010700,2024,20-39세,99897,32773,0.32806790994724566,46325,19695,0.425148407987048,2533,0.05467889908256881,5
서울특별시,동작구,대방동,1159010800,2024,20-39세,34969,10798,0.308787783465355,15780,6712,0.4253485424588086,1126,0.07135614702154626,1
서울특별시,동작구,신대방동,1159010900,2024,20-39세,44919,13772,0.3065963178165142,19769,7836,0.3963781678385351,1048,0.05301229197227983,2
서울특별시,마포구,아현동,1144010100,2024,20-39세,23114,7424,0.32119062040321883,9894,3556,0.3594097432787548,531,0.05366889023650697,2
서울특별시,마포구,공덕동,1144010200,2024,20-39세,30831,9652,0.3130615289805715,13226,4874,0.3685165582942689,700,0.05292605474066233,3
서울특별시,마포구,신공덕동,1144010300,2024,20-39세,5065,1693,0.33425468904244815,2309,980,0.42442615851017756,144,0.06236466002598527,1
서울특별시,마포구,도화동,1144010400,2024,20-39세,33820,10061,0.29748669426374924,14432,5318,0.36848669623059865,787,0.05453159645232816,3
서울특별시,마포구,용강동,1144010500,2024,20-39세,2366,597,0.25232459847844463,957,312,0.32601880877742945,40,0.04179728317659352,1
서울특별시,마포구,토정동,1144010600,2024,20-39세,387,97,0.25064599483204136,156,51,0.3269230769230769,6,0.038461538461538464,1
서울특별시,마포구,마포동,1144010700,2024,20-39세,3129,890,0.28443592201981466,1303,452,0.3468917881811205,66,0.05065234075211052,2
서울특별시,마포구,대흥동,1144010800,2024,20-39세,20595,6712,0.32590434571497934,9527,4185,0.4392778419229558,417,0.043770336937126064,3
서울특별시,마포구,염리동,1144010900,2024,20-39세,20001,5756,0.287785610719464,8239,2749,0.3336569972083991,379,0.0460007282437189,3
서울특별시,마포구,노고산동,1144011000,2024,20-39세,7053,3181,0.4510137530129023,4071,2518,0.618521247850651,145,0.0356177843281749,2
서울특별시,마포구,신수동,1144011100,2024,20-39세,14674,5143,0.3504838489845986,7072,3331,0.471012443438914,313,0.04425904977375566,2
서울특별시,마포구,현석동,1144011200,2024,20-39세,2844,857,0.30133614627285515,1249,464,0.37149719775820655,45,0.036028823058446756,1
서울특별시,마포구,구수동,1144011300,2024,20-39세,433,130,0.3002309468822171,190,70,0.3684210526315789,6,0.031578947368421054,1
서울특별시,마포구,창전동,1144011400,2024,20-39세,13785,4918,0.3567645992020312,6503,2940,0.4520990312163617,179,0.027525757342764877,1
서울특별시,마포구,상수동,1144011500,2024,20-39세,6946,2478,0.35675208753239274,3276,1481,0.4520757020757021,90,0.027472527472527472,1
서울특별시,마포구,하중동,1144011600,2024,20-39세,1337,477,0.3567688855646971,630,285,0.4523809523809524,17,0.026984126984126985,1
서울특별시,마포구,신정동,1144011700,2024,20-39세,2305,774,0.33579175704989156,1059,447,0.42209631728045327,31,0.02927289896128423,2
서울특별시,마포구,당인동,1144011800,2024,20-39세,924,329,0.3560606060606061,435,197,0.4528735632183908,12,0.027586206896551724,1
서울특별시,마포구,서교동,1144012000,2024,20-39세,16078,7451,0.46342828710038564,9511,5997,0.6305330669750815,271,0.028493323520134582,1
서울특별시,마포구,동교동,1144012100,2024,20-39세,2829,1311,0.4634146341463415,1673,1055,0.6306037059175135,47,0.028093245666467422,1
서울특별시,마포구,합정동,1144012200,2024,20-39세,16029,6470,0.40364339634412627,8276,4120,0.49782503624939584,383,0.04627839536007733,1
서울특별시,마포구,망원동,1144012300,2024,20-39세,36279,11813,0.325615369773147,16935,7053,0.416474756421612,973,0.05745497490404488,2
서울특별시,마포구,연남동,1144012400,2024,20-39세,14106,5784,0.4100382815823054,7677,4246,0.5530806304546046,314,0.04090139377360948,1
서울특별시,마포구,성산동,1144012500,2024,20-39세,50569,17556,0.34716921434080167,24028,10857,0.4518478441817879,1854,0.07715998002330614,2
서울특별시,마포구,중동,1144012600,2024,20-39세,6473,2272,0.35099644677892783,3069,1389,0.4525904203323558,284,0.09253828608667318,1
서울특별시,마포구,상암동,1144012700,2024,20-39세,29427,7834,0.2662180990247052,12253,4383,0.3577083163306945,916,0.07475720231779973,1
서울특별시,서대문구,충정로2가,1141010100,2024,20-39세,620,197,0.317741935483871,297,138,0.46464646464646464,19,0.06397306397306397,1
서울특별시,서대문구,충정로3가,1141010200,2024,20-39세,2697,858,0.3181312569521691,1294,600,0.46367851622874806,85,0.06568778979907264,1
서울특별시,서대문구,합동,1141010300,2024,20-39세,618,196,0.31715210355987056,296,137,0.46283783783783783,19,0.06418918918918919,1
서울특별시,서대문구,미근동,1141010400,2024,20-39세,250,79,0.316,120,55,0.4583333333333333,7,0.058333333333333334,1
서울특별시,서대문구,냉천동,1141010500,2024,20-39세,2983,768,0.2574589339591016,1295,468,0.3613899613899614,120,0.09266409266409266,1
서울특별시,서대문구,천연동,1141010600,2024,20-39세,4568,1176,0.2574430823117338,1983,717,0.3615733736762481,184,0.09278870398386284,1
서울특별시,서대문구,옥천동,1141010700,2024,20-39세,959,246,0.25651720542231493,416,150,0.3605769230769231,38,0.09134615384615384,1
서울특별시,서대문구,영천동,1141010800,2024,20-39세,2996,771,0.25734312416555405,1300,470,0.36153846153846153,120,0.09230769230769231,1
서울특별시,서대문구,현저동,1141010900,2024,20-39세,5016,1291,0.25737639553429026,2177,787,0.3615066605420303,202,0.09278824069820854,1
서울특별시,서대문구,북아현동,1141011000,2024,20-39세,27573,8612,0.31233453015631235,12757,5432,0.4258054401505056,883,0.06921690052520185,2
서울특별시,서대문구,홍제동,1141011100,2024,20-39세,54354,14365,0.26428597711299995,23232,7580,0.32627410468319556,1744,0.07506887052341597,3
서울특별시,서대문구,대현동,1141011200,2024,20-39세,9881,5036,0.5096650136625848,6172,4210,0.6821127673363577,217,0.03515878159429683,2
서울특별시,서대문구,대신동,1141011300,2024,20-39세,1541,927,0.6015574302401038,1089,838,0.7695133149678605,26,0.023875114784205693,1
서울특별시,서대문구,신촌동,1141011400,2024,20-39세,848,510,0.6014150943396226,599,461,0.7696160267111853,14,0.02337228714524207,1
서울특별시,서대문구,봉원동,1141011500,2024,20-39세,359,216,0.6016713091922006,253,195,0.7707509881422925,6,0.023715415019762844,1
서울특별시,서대문구,창천동,1141011600,2024,20-39세,10706,6445,0.6019988791331964,7570,5822,0.7690885072655218,185,0.02443857331571995,1
서울특별시,서대문구,연희동,1141011700,2024,20-39세,33637,12758,0.37928471623509824,17462,9178,0.5255984423319208,772,0.044210285190699805,1
서울특별시,서대문구,홍은동,1141011800,2024,20-39세,50209,13393,0.26674500587544064,21058,7076,0.336024313799981,1611,0.07650299173710703,2
서울특별시,서대문구,북가좌동,1141011900,2024,20-39세,47566,12118,0.2547618046503805,20040,6504,0.32455089820359284,1693,0.0844810379241517,2
서울특별시,서대문구,남가좌동,1141012000,2024,20-39세,45469,11672,0.2567023686467703,18561,5943,0.3201874898981736,1399,0.07537309412208394,2
서울특별시,서초구,방배동,1165010100,2024,20-39세,107739,28720,0.26657013709056143,42323,13386,0.31628192708456393,1459,0.034472981593932375,6
서울특별시,서초구,양재동,1165010200,2024,20-39세,44233,13119,0.296588519883345,19449,7813,0.4017173119440588,1590,0.08175227518124326,2
서울특별시,서초구,우면동,1165010300,2024,20-39세,17829,4535,0.25436087273543107,7179,2320,0.32316478618191946,707,0.0984816826856108,1
서울특별시,서초구,원지동,1165010400,2024,20-39세,148,50,0.33783783783783783,71,33,0.4647887323943662,4,0.056338028169014086,1
서울특별시,서초구,잠원동,1165010600,2024,20-39세,50680,11798,0.23279400157853197,17713,3816,0.21543499124936488,289,0.01631570033308869,2
서울특별시,서초구,반포동,1165010700,2024,20-39세,78769,18038,0.22899871776968098,28200,7342,0.260354609929078,532,0.018865248226950355,4
서울특별시,서초구,서초동,1165010800,2024,20-39세,92112,26072,0.2830467257252041,36901,12950,0.3509389989431181,707,0.019159372374732392,4
서울특별시,서초구,내곡동,1165010900,2024,20-39세,8022,1785,0.22251308900523561,3113,846,0.27176357211692903,237,0.07613234821715387,1
서울특별시,서초구,염곡동,1165011000,2024,20-39세,968,215,0.22210743801652894,375,102,0.272,28,0.07466666666666667,1
서울특별시,서초구,신원동,1165011100,2024,20-39세,7873,1752,0.22253270671916678,3055,831,0.27201309328968903,232,0.07594108019639935,1
서울특별시,성동구,상왕십리동,1120010100,2024,20-39세,2298,727,0.3163620539599652,1005,387,0.3850746268656716,70,0.06965174129353234,1
서울특별시,성동구,하왕십리동,1120010200,2024,20-39세,34540,10889,0.31525767226404167,15191,5821,0.383187413600158,1052,0.06925153051148707,2
서울특별시,성동구,홍익동,1120010300,2024,20-39세,2288,724,0.31643356643356646,1001,386,0.3856143856143856,70,0.06993006993006994,1
서울특별시,성동구,도선동,1120010400,2024,20-39세,2893,915,0.3162806774974075,1265,488,0.3857707509881423,88,0.06956521739130435,1
서울특별시,성동구,마장동,1120010500,2024,20-39세,21344,7160,0.33545727136431785,9950,4328,0.4349748743718593,640,0.06432160804020101,1
서울특별시,성동구,사근동,1120010600,2024,20-39세,1631,888,0.5444512568976089,1054,752,0.713472485768501,29,0.027514231499051234,1
서울특별시,성동구,행당동,1120010700,2024,20-39세,46651,16007,0.3431223339263896,21366,9120,0.4268463914630722,1195,0.05592998221473369,3
서울특별시,성동구,응봉동,1120010800,2024,20-39세,14723,3638,0.24709637981389662,5491,1180,0.21489710435257695,181,0.03296303041340375,1
서울특별시,성동구,금호동1가,1120010900,2024,20-39세,14580,3725,0.2554869684499314,5986,1748,0.2920147009689275,595,0.09939859672569329,1
서울특별시,성동구,금호동2가,1120011000,2024,20-39세,9337,2654,0.28424547499196745,3966,1208,0.30458900655572363,256,0.06454866364094806,1
서울특별시,성동구,금호동3가,1120011100,2024,20-39세,11811,3358,0.28431123528913727,5017,1528,0.30456448076539766,323,0.06438110424556508,1
서울특별시,성동구,금호동4가,1120011200,2024,20-39세,14074,3644,0.25891715219553785,5872,1833,0.3121594005449591,430,0.07322888283378746,1
서울특별시,성동구,옥수동,1120011300,2024,20-39세,25289,6879,0.27201550081062914,10022,2542,0.2536419876272201,430,0.04290560766314109,1
서울특별시,성동구,성수동1가,1120011400,2024,20-39세,26898,8956,0.3329615584801844,12494,5115,0.409396510324956,563,0.045061629582199454,2
서울특별시,성동구,성수동2가,1120011500,2024,20-39세,23801,7351,0.30885256921978066,11398,5173,0.45385155290401824,811,0.07115283383049657,2
서울특별시,성동구,송정동,1120011800,2024,20-39세,14817,5125,0.34588648174394276,7971,4423,0.5548864634299335,927,0.11629657508468197,2
서울특별시,성동구,용답동,1120012200,2024,20-39세,6690,2733,0.4085201793721973,3840,2406,0.6265625,452,0.11770833333333333,1
서울특별시,성북구,성북동,1129010100,2024,20-39세,10085,3187,0.3160138820029747,4798,2225,0.46373488953730724,221,0.0460608586911213,1
서울특별시,성북구,성북동1가,1129010200,2024,20-39세,1843,582,0.3157894736842105,876,406,0.4634703196347032,40,0.045662100456621,1
서울특별시,성북구,돈암동,1129010300,2024,20-39세,73198,21664,0.2959643706112189,31562,11837,0.37503960458779545,1845,0.058456371586084535,6
서울특별시,성북구,동소문동1가,1129010400,2024,20-39세,939,296,0.3152289669861555,446,207,0.4641255605381166,20,0.04484304932735426,1
서울특별시,성북구,동소문동2가,1129010500,2024,20-39세,179,58,0.3240223463687151,85,40,0.47058823529411764,6,0.07058823529411765,1
서울특별시,성북구,동소문동3가,1129010600,2024,20-39세,52,17,0.3269230769230769,25,11,0.44,1,0.04,1
서울특별시,성북구,동소문동4가,1129010700,2024,20-39세,2960,935,0.3158783783783784,1408,653,0.4637784090909091,64,0.045454545454545456,1
서울특별시,성북구,동소문동5가,1129010800,2024,20-39세,403,132,0.32754342431761785,192,91,0.4739583333333333,13,0.06770833333333333,1
서울특별시,성북구,동소문동6가,1129010900,2024,20-39세,548,262,0.4781021897810219,328,214,0.6524390243902439,14,0.042682926829268296,1
서울특별시,성북구,동소문동7가,1129011000,2024,20-39세,659,316,0.4795144157814871,395,257,0.6506329113924051,17,0.043037974683544304,1
서울특별시,성북구,삼선동1가,1129011100,2024,20-39세,1511,495,0.32759761747187294,721,340,0.47156726768377255,50,0.06934812760055478,1
서울특별시,성북구,삼선동2가,1129011200,2024,20-39세,2026,663,0.3272458045409674,967,456,0.47156153050672184,68,0.0703205791106515,1
서울특별시,성북구,삼선동3가,1129011300,2024,20-39세,1365,447,0.3274725274725275,651,307,0.4715821812596006,45,0.06912442396313365,1
서울특별시,성북구,삼선동4가,1129011400,2024,20-39세,1164,381,0.327319587628866,555,262,0.4720720720720721,39,0.07027027027027027,1
서울특별시,성북구,삼선동5가,1129011500,2024,20-39세,1334,437,0.3275862068965517,636,300,0.4716981132075472,44,0.06918238993710692,1
서울특별시,성북구,동선동1가,1129011600,2024,20-39세,335,160,0.47761194029850745,200,131,0.655,8,0.04,1
서울특별시,성북구,동선동2가,1129011700,2024,20-39세,614,294,0.4788273615635179,368,240,0.6521739130434783,16,0.043478260869565216,1
서울특별시,성북구,동선동3가,1129011800,2024,20-39세,824,394,0.47815533980582525,493,322,0.6531440162271805,21,0.04259634888438134,1
서울특별시,성북구,동선동4가,1129011900,2024,20-39세,570,273,0.4789473684210526,341,222,0.6510263929618768,14,0.04105571847507331,1
서울특별시,성북구,동선동5가,1129012000,2024,20-39세,567,271,0.47795414462081126,340,221,0.65,14,0.041176470588235294,1
서울특별시,성북구,안암동1가,1129012100,2024,20-39세,3817,1942,0.5087765260675924,2478,1754,0.7078288942695722,97,0.03914447134786118,1
서울특별시,성북구,안암동2가,1129012200,2024,20-39세,2349,1195,0.5087271179225202,1525,1079,0.7075409836065574,59,0.038688524590163934,1
서울특별시,성북구,안암동3가,1129012300,2024,20-39세,4040,2055,0.5086633663366337,2623,1856,0.7075867327487609,103,0.03926801372474266,1
서울특별시,성북구,안암동4가,1129012400,2024,20-39세,966,492,0.5093167701863354,627,444,0.7081339712918661,24,0.03827751196172249,1
서울특별시,성북구,안암동5가,1129012500,2024,20-39세,4077,2074,0.5087073828795683,2647,1873,0.7075935020778239,103,0.03891197582168492,1
서울특별시,성북구,보문동4가,1129012600,2024,20-39세,961,318,0.3309053069719043,448,193,0.43080357142857145,28,0.0625,1
서울특별시,성북구,보문동5가,1129012700,2024,20-39세,1751,580,0.33123929183323814,817,352,0.43084455324357407,52,0.06364749082007344,1
서울특별시,성북구,보문동6가,1129012800,2024,20-39세,6047,2003,0.3312386307259798,2821,1215,0.43069833392414036,181,0.0641616448068061,1
서울특별시,성북구,보문동7가,1129012900,2024,20-39세,1025,339,0.3307317073170732,478,206,0.4309623430962343,30,0.06276150627615062,1
서울특별시,성북구,보문동1가,1129013000,2024,20-39세,1688,559,0.3311611374407583,787,339,0.4307496823379924,50,0.06353240152477764,1
서울특별시,성북구,보문동2가,1129013100,2024,20-39세,1997,661,0.3309964947421132,931,401,0.43071965628356607,59,0.06337271750805586,1
서울특별시,성북구,보문동3가,1129013200,2024,20-39세,2550,844,0.33098039215686276,1189,512,0.4306139613120269,76,0.063919259882254,1
서울특별시,성북구,정릉동,1129013300,2024,20-39세,60780,16900,0.2780519907864429,26813,10052,0.37489277589229103,1823,0.06798940812292545,4
서울특별시,성북구,길음동,1129013400,2024,20-39세,53904,11809,0.21907465123181952,19241,3972,0.20643417701782651,1006,0.05228418481367912,3
서울특별시,성북구,종암동,1129013500,2024,20-39세,37051,9747,0.2630698226768508,16126,6055,0.37548059035098597,1208,0.07491008309562197,1
서울특별시,성북구,하월곡동,1129013600,2024,20-39세,49061,12781,0.26051242330975727,20567,6963,0.3385520493995235,1659,0.08066319832741771,3
서울특별시,성북구,상월곡동,1129013700,2024,20-39세,3569,1140,0.319417203698515,1728,813,0.4704861111111111,135,0.078125,1
서울특별시,성북구,장위동,1129013800,2024,20-39세,51288,13533,0.2638628919045391,21696,7377,0.34001659292035397,2689,0.12393989675516225,3
서울특별시,성북구,석관동,1129013900,2024,20-39세,33448,9075,0.27131667065295384,15277,6011,0.3934673037900111,1580,0.10342344701184787,1
서울특별시,송파구,잠실동,1171010100,2024,20-39세,105489,26560,0.2517798064253145,40215,11365,0.2826059927887604,971,0.02414521944548054,4
서울특별시,송파구,신천동,1171010200,2024,20-39세,37404,7833,0.20941610522938722,12275,1460,0.11894093686354379,51,0.004154786150712831,2
서울특별시,송파구,풍납동,1171010300,2024,20-39세,34327,9400,0.2738369213738457,14374,4779,0.33247530262974817,887,0.061708640601085295,2
서울특별시,송파구,송파동,1171010400,2024,20-39세,41665,14310,0.34345373814952596,18331,7093,0.3869401560198571,710,0.03873220228029022,2
서울특별시,송파구,석촌동,1171010500,2024,20-39세,30392,11724,0.3857594103711503,15703,8037,0.5118130293574477,995,0.06336368846717187,1
서울특별시,송파구,삼전동,1171010600,2024,20-39세,28703,10956,0.3817022610876912,14728,7501,0.5093020097772949,1076,0.0730581205866377,1
서울특별시,송파구,가락동,1171010700,2024,20-39세,82888,23033,0.277880996042853,31630,8050,0.25450521656655073,1077,0.03404995257666772,3
서울특별시,송파구,문정동,1171010800,2024,20-39세,55260,18743,0.33917842924357583,24636,10007,0.4061941873680792,1052,0.042701737295015425,3
서울특별시,송파구,장지동,1171010900,2024,20-39세,43962,13044,0.2967107956871844,17396,5552,0.31915382846631407,804,0.0462175212692573,3
서울특별시,송파구,방이동,1171011100,2024,20-39세,58695,19261,0.32815401652610954,26078,10795,0.41395045632333766,1061,0.04068563540148784,3
서울특별시,송파구,오금동,1171011200,2024,20-39세,37913,9784,0.25806451612903225,14859,4010,0.2698701123897974,1251,0.08419139915202907,1
서울특별시,송파구,거여동,1171011300,2024,20-39세,59987,14945,0.24913731308450165,22542,5639,0.2501552657262,1732,0.07683435365096265,3
서울특별시,송파구,마천동,1171011400,2024,20-39세,33422,7340,0.21961582191370954,15047,5429,0.36080281783744267,2420,0.16082940120954342,2
서울특별시,양천구,신정동,1147010100,2024,20-39세,170172,39236,0.23056672072961473,65582,17746,0.2705925406361502,5873,0.08955201122259157,6
서울특별시,양천구,목동,1147010200,2024,20-39세,144267,34910,0.24198188081820513,53909,13708,0.25428036134968185,2842,0.05271847001428333,5
서울특별시,양천구,신월동,1147010300,2024,20-39세,116537,28221,0.242163433072758,49553,16432,0.3316045446289831,5689,0.11480636893830848,7
서울특별시,영등포구,영등포동,1156010100,2024,20-39세,11992,5964,0.4973315543695797,7241,4823,0.6660682226211849,581,0.0802375362518989,2
서울특별시,영등포구,영등포동1가,1156010200,2024,20-39세,2819,1553,0.5509045760908123,1808,1286,0.7112831858407079,135,0.07466814159292036,1
서울특별시,영등포구,영등포동2가,1156010300,2024,20-39세,3354,1848,0.5509838998211091,2151,1530,0.7112970711297071,161,0.07484890748489074,1
서울특별시,영등포구,영등포동3가,1156010400,2024,20-39세,1495,824,0.551170568561873,959,682,0.7111574556830031,72,0.07507820646506778,1
서울특별시,영등포구,영등포동4가,1156010500,2024,20-39세,973,536,0.5508735868448099,624,444,0.7115384615384616,46,0.07371794871794872,1
서울특별시,영등포구,영등포동5가,1156010600,2024,20-39세,1205,664,0.5510373443983403,772,549,0.711139896373057,58,0.07512953367875648,1
서울특별시,영등포구,영등포동6가,1156010700,2024,20-39세,1325,730,0.5509433962264151,849,604,0.7114252061248527,63,0.07420494699646643,1
서울특별시,영등포구,영등포동7가,1156010800,2024,20-39세,6940,3824,0.5510086455331412,4451,3166,0.711300831273871,334,0.07503931700741406,1
서울특별시,영등포구,영등포동8가,1156010900,2024,20-39세,3578,1972,0.5511458915595304,2295,1632,0.7111111111111111,172,0.07494553376906318,1
서울특별시,영등포구,여의도동,1156011000,2024,20-39세,33905,8676,0.2558914614363663,12973,3597,0.27726817235797424,101,0.007785400447082402,1
서울특별시,영등포구,당산동1가,1156011100,2024,20-39세,6757,2784,0.41201716738197425,3487,1789,0.5130484657298537,167,0.04789217092056209,1
서울특별시,영등포구,당산동2가,1156011200,2024,20-39세,5511,2271,0.412084921066957,2844,1459,0.5130098452883263,136,0.04781997187060478,1
서울특별시,영등포구,당산동3가,1156011300,2024,20-39세,8919,3675,0.412041708711739,4602,2362,0.5132551064754455,221,0.0480225988700565,1
서울특별시,영등포구,당산동4가,1156011400,2024,20-39세,12030,4873,0.4050706566916043,5833,2894,0.4961426367220984,82,0.014057946168352478,1
서울특별시,영등포구,당산동5가,1156011500,2024,20-39세,12737,5159,0.40504043338305723,6176,3064,0.4961139896373057,87,0.014086787564766839,1
서울특별시,영등포구,당산동6가,1156011600,2024,20-39세,3369,1364,0.40486791332739686,1633,810,0.4960195958358849,23,0.014084507042253521,1
서울특별시,영등포구,당산동,1156011700,2024,20-39세,8289,3357,0.40499457111834963,4019,1994,0.4961433192336402,56,0.013933814381686987,1
서울특별시,영등포구,도림동,1156011800,2024,20-39세,17624,5938,0.33692691783931006,8996,4485,0.4985549132947977,796,0.08848377056469542,1
서울특별시,영등포구,문래동1가,1156011900,2024,20-39세,264,73,0.2765151515151515,103,27,0.2621359223300971,1,0.009708737864077669,1
서울특별시,영등포구,문래동2가,1156012000,2024,20-39세,1049,293,0.27931363203050524,410,109,0.2658536585365854,7,0.01707317073170732,1
서울특별시,영등포구,문래동3가,1156012100,2024,20-39세,13402,3743,0.2792866736308014,5247,1402,0.267200304936154,101,0.019249094720792833,1
서울특별시,영등포구,문래동4가,1156012200,2024,20-39세,1899,530,0.2790942601369142,743,198,0.26648721399730824,14,0.018842530282637954,1
서울특별시,영등포구,문래동5가,1156012300,2024,20-39세,4219,1178,0.2792130836691159,1652,441,0.2669491525423729,31,0.018765133171912834,1
서울특별시,영등포구,문래동6가,1156012400,2024,20-39세,10679,2983,0.2793332709055155,4181,1117,0.26716096627601055,80,0.019134178426213823,1
서울특별시,영등포구,양평동1가,1156012500,2024,20-39세,3716,1538,0.41388589881593113,1897,955,0.503426462836057,57,0.030047443331576173,1
서울특별시,영등포구,양평동2가,1156012600,2024,20-39세,5385,2229,0.4139275766016713,2749,1384,0.5034558021098581,82,0.029829028737722807,1
서울특별시,영등포구,양평동3가,1156012700,2024,20-39세,18566,7669,0.4130668964774319,9055,4227,0.46681391496410823,243,0.026836002208724462,2
서울특별시,영등포구,양평동4가,1156012800,2024,20-39세,5274,2174,0.41221084565794464,2456,1051,0.42793159609120524,58,0.023615635179153095,1
서울특별시,영등포구,양평동5가,1156012900,2024,20-39세,4595,1894,0.4121871599564744,2140,916,0.4280373831775701,50,0.02336448598130841,1
서울특별시,영등포구,양평동6가,1156013000,2024,20-39세,3374,1391,0.41227030231179607,1572,673,0.42811704834605596,37,0.023536895674300253,1
서울특별시,영등포구,양화동,1156013100,2024,20-39세,0,0,0.0,0,0,0.0,0,0.0,1
서울특별시,영등포구,신길동,1156013200,2024,20-39세,109214,32959,0.3017836541102789,49362,20363,0.4125238037356671,4302,0.08715206028929136,7
서울특별시,영등포구,대림동,1156013300,2024,20-39세,49304,13579,0.2754137595326951,23292,9647,0.4141765413017345,1900,0.08157307229950198,4
서울특별시,영등포구,양평동,1156013400,2024,20-39세,0,0,0.0,0,0,0.0,0,0.0,1
서울특별시,용산구,후암동,1117010100,2024,20-39세,15804,4901,0.310111364211592,7332,3264,0.4451718494271686,736,0.10038188761593017,1
서울특별시,용산구,용산동2가,1117010200,2024,20-39세,8688,2888,0.3324125230202578,4341,2089,0.4812255240727943,504,0.1161022805805114,1
서울특별시,용산구,용산동4가,1117010300,2024,20-39세,2,0,0.0,0,0,0.0,0,0.0,1
서울특별시,용산구,갈월동,1117010400,2024,20-39세,2710,736,0.27158671586715866,1540,1036,0.6727272727272727,550,0.35714285714285715,1
서울특별시,용산구,남영동,1117010500,2024,20-39세,584,158,0.2705479452054795,332,223,0.6716867469879518,118,0.35542168674698793,1
서울특별시,용산구,용산동1가,1117010600,2024,20-39세,0,0,0.0,0,0,0.0,0,0.0,1
서울특별시,용산구,동자동,1117010700,2024,20-39세,3442,934,0.2713538640325392,1956,1315,0.6722903885480572,698,0.35685071574642124,1
서울특별시,용산구,서계동,1117010800,2024,20-39세,4750,1879,0.39557894736842103,2629,1546,0.5880562951692658,257,0.09775580068467098,1
서울특별시,용산구,청파동1가,1117010900,2024,20-39세,7074,2799,0.39567430025445294,3916,2302,0.5878447395301328,382,0.0975485188968335,1
서울특별시,용산구,청파동2가,1117011000,2024,20-39세,3252,1286,0.39544895448954487,1800,1058,0.5877777777777777,176,0.09777777777777778,1
서울특별시,용산구,청파동3가,1117011100,2024,20-39세,3527,1395,0.3955202721859938,1952,1147,0.5876024590163934,190,0.09733606557377049,1
서울특별시,용산구,원효로1가,1117011200,2024,20-39세,6820,2822,0.413782991202346,3428,1745,0.5090431738623103,147,0.04288214702450408,1
서울특별시,용산구,원효로2가,1117011300,2024,20-39세,1756,726,0.4134396355353075,882,449,0.5090702947845805,38,0.04308390022675737,1
서울특별시,용산구,신창동,1117011400,2024,20-39세,2268,704,0.31040564373897706,994,386,0.38832997987927564,68,0.06841046277665996,1
서울특별시,용산구,산천동,1117011500,2024,20-39세,4854,1506,0.31025957972805934,2127,827,0.38881053126469206,146,0.0686412787964269,1
서울특별시,용산구,청암동,1117011600,2024,20-39세,619,192,0.31017770597738287,271,105,0.3874538745387454,18,0.06642066420664207,1
서울특별시,용산구,원효로3가,1117011700,2024,20-39세,2087,647,0.31001437470052706,914,355,0.38840262582056895,62,0.06783369803063458,1
서울특별시,용산구,원효로4가,1117011800,2024,20-39세,3693,1146,0.3103168155970755,1619,629,0.3885114268066708,111,0.06856084002470661,1
서울특별시,용산구,효창동,1117011900,2024,20-39세,10484,3535,0.3371804654711942,4392,1452,0.33060109289617484,124,0.028233151183970857,1
서울특별시,용산구,도원동,1117012000,2024,20-39세,5205,1616,0.3104707012487992,2321,872,0.37570012925463164,181,0.07798362774666093,1
서울특별시,용산구,용문동,1117012100,2024,20-39세,5956,1850,0.3106111484217596,2655,998,0.37589453860640304,207,0.07796610169491526,1
서울특별시,용산구,문배동,1117012200,2024,20-39세,5776,2390,0.41378116343490307,2903,1478,0.5091284877712711,125,0.043058904581467446,1
서울특별시,용산구,신계동,1117012300,2024,20-39세,2668,1104,0.41379310344827586,1341,682,0.5085756897837435,57,0.042505592841163314,1
서울특별시,용산구,한강로1가,1117012400,2024,20-39세,3232,1224,0.3787128712871287,1544,700,0.4533678756476684,53,0.03432642487046632,1
서울특별시,용산구,한강로2가,1117012500,2024,20-39세,7169,2714,0.3785744176314688,3425,1553,0.45343065693430656,117,0.034160583941605836,1
서울특별시,용산구,용산동3가,1117012600,2024,20-39세,260,98,0.3769230769230769,124,56,0.45161290322580644,4,0.03225806451612903,1
서울특별시,용산구,용산동5가,1117012700,2024,20-39세,2301,871,0.3785310734463277,1099,498,0.4531392174704277,37,0.03366696997270246,1
서울특별시,용산구,한강로3가,1117012800,2024,20-39세,7938,3005,0.3785588309397833,3792,1719,0.45332278481012656,130,0.034282700421940926,1
서울특별시,용산구,이촌동,1117012900,2024,20-39세,32666,7590,0.2323516806465438,11640,2325,0.19974226804123713,205,0.01761168384879725,2
서울특별시,용산구,이태원동,1117013000,2024,20-39세,14537,4831,0.3323244135653849,7335,3605,0.49147920927062033,449,0.06121336059986367,2
서울특별시,용산구,한남동,1117013100,2024,20-39세,14073,4027,0.28615078519150144,6442,2809,0.43604470661285316,146,0.02266376901583359,1
서울특별시,용산구,동빙고동,1117013200,2024,20-39세,5953,1434,0.24088694775743322,2231,613,0.27476467951591216,142,0.06364858807709547,1
서울특별시,용산구,서빙고동,1117013300,2024,20-39세,5707,1375,0.240932188540389,2139,587,0.27442730247779334,136,0.06358111266947171,1
서울특별시,용산구,주성동,1117013400,2024,20-39세,804,193,0.24004975124378108,301,82,0.2724252491694352,19,0.06312292358803986,1
서울특별시,용산구,용산동6가,1117013500,2024,20-39세,0,0,0.0,0,0,0.0,0,0.0,1
서울특별시,용산구,보광동,1117013600,2024,20-39세,7187,1971,0.2742451648810352,3759,1925,0.5121042830540037,528,0.14046288906624102,1
서울특별시,은평구,수색동,1138010100,2024,20-39세,21124,6275,0.2970554819163037,8132,1932,0.23757993113625184,622,0.0764879488440728,1
서울특별시,은평구,녹번동,1138010200,2024,20-39세,35578,9826,0.2761819101692057,15989,5984,0.37425730189505285,1522,0.09519044342985802,1
서울특별시,은평구,불광동,1138010300,2024,20-39세,63877,17546,0.2746841586173427,29189,11533,0.3951145979649868,3562,0.12203227243139539,2
서울특별시,은평구,갈현동,1138010400,2024,20-39세,41488,11472,0.2765136907057462,18207,6649,0.365189212940078,2072,0.11380238369857747,2
서울특별시,은평구,구산동,1138010500,2024,20-39세,31045,7767,0.2501852150104687,12398,3734,0.30117760929182125,1304,0.10517825455718664,1
서울특별시,은평구,대조동,1138010600,2024,20-39세,27248,10061,0.3692381092190252,14256,7207,0.5055415263748597,1361,0.0954685746352413,1
서울특별시,은평구,응암동,1138010700,2024,20-39세,82513,22064,0.26740028843939745,35904,12932,0.3601827094474153,3444,0.09592245989304812,3
서울특별시,은평구,역촌동,1138010800,2024,20-39세,43953,11705,0.2663071917730303,18944,6836,0.3608530405405405,1947,0.10277660472972973,1
서울특별시,은평구,신사동,1138010900,2024,20-39세,44740,12047,0.269266875279392,19125,6241,0.3263267973856209,1659,0.08674509803921569,2
서울특별시,은평구,증산동,1138011000,2024,20-39세,15850,4243,0.26769716088328077,6664,2018,0.30282112845138054,477,0.07157863145258103,1
서울특별시,은평구,진관동,1138011400,2024,20-39세,53503,12601,0.23551950357923854,20108,5502,0.2736224388303163,1182,0.05878257409986075,1
서울특별시,종로구,청운동,1111010100,2024,20-39세,2252,579,0.2571047957371226,926,310,0.3347732181425486,37,0.03995680345572354,1
서울특별시,종로구,신교동,1111010200,2024,20-39세,1287,331,0.2571872571872572,529,177,0.33459357277882795,21,0.03969754253308128,1
서울특별시,종로구,궁정동,1111010300,2024,20-39세,193,49,0.2538860103626943,79,26,0.3291139240506329,3,0.0379746835443038,1
서울특별시,종로구,효자동,1111010400,2024,20-39세,554,142,0.2563176895306859,228,76,0.3333333333333333,9,0.039473684210526314,1
서울특별시,종로구,창성동,1111010500,2024,20-39세,392,101,0.2576530612244898,161,54,0.33540372670807456,6,0.037267080745341616,1
서울특별시,종로구,통의동,1111010600,2024,20-39세,310,85,0.27419354838709675,138,60,0.43478260869565216,3,0.021739130434782608,1
서울특별시,종로구,적선동,1111010700,2024,20-39세,34,9,0.2647058823529412,15,6,0.4,0,0.0,1
서울특별시,종로구,통인동,1111010800,2024,20-39세,679,175,0.25773195876288657,279,93,0.3333333333333333,11,0.03942652329749104,1
서울특별시,종로구,누상동,1111010900,2024,20-39세,3100,798,0.2574193548387097,1275,427,0.3349019607843137,52,0.0407843137254902,1
서울특별시,종로구,누하동,1111011000,2024,20-39세,725,186,0.25655172413793104,298,100,0.33557046979865773,12,0.040268456375838924,1
서울특별시,종로구,옥인동,1111011100,2024,20-39세,1839,473,0.2572050027188689,756,253,0.33465608465608465,30,0.03968253968253968,1
서울특별시,종로구,체부동,1111011200,2024,20-39세,690,189,0.27391304347826084,308,135,0.4383116883116883,8,0.025974025974025976,1
서울특별시,종로구,필운동,1111011300,2024,20-39세,971,266,0.27394438722966014,433,190,0.4387990762124711,12,0.02771362586605081,1
서울특별시,종로구,내자동,1111011400,2024,20-39세,75,20,0.26666666666666666,33,14,0.42424242424242425,0,0.0,1
서울특별시,종로구,사직동,1111011500,2024,20-39세,3129,859,0.27452860338766377,1396,612,0.4383954154727794,39,0.027936962750716332,1
서울특별시,종로구,도렴동,1111011600,2024,20-39세,1,0,0.0,0,0,0.0,0,0.0,1
서울특별시,종로구,당주동,1111011700,2024,20-39세,290,79,0.27241379310344827,129,56,0.43410852713178294,3,0.023255813953488372,1
서울특별시,종로구,내수동,1111011800,2024,20-39세,2659,730,0.2745393004889056,1186,520,0.43844856661045534,33,0.02782462057335582,1
서울특별시,종로구,세종로,1111011900,2024,20-39세,0,0,0.0,0,0,0.0,0,0.0,3
서울특별시,종로구,신문로1가,1111012000,2024,20-39세,75,20,0.26666666666666666,33,14,0.42424242424242425,0,0.0,1
서울특별시,종로구,신문로2가,1111012100,2024,20-39세,717,197,0.27475592747559274,320,140,0.4375,9,0.028125,1
서울특별시,종로구,청진동,1111012200,2024,20-39세,51,15,0.29411764705882354,30,22,0.7333333333333333,7,0.23333333333333334,1
서울특별시,종로구,서린동,1111012300,2024,20-39세,1,0,0.0,1,0,0.0,0,0.0,1
서울특별시,종로구,수송동,1111012400,2024,20-39세,257,74,0.28793774319066145,152,109,0.7171052631578947,34,0.2236842105263158,1
서울특별시,종로구,중학동,1111012500,2024,20-39세,3,1,0.3333333333333333,2,1,0.5,0,0.0,1
서울특별시,종로구,종로1가,1111012600,2024,20-39세,107,31,0.2897196261682243,63,45,0.7142857142857143,14,0.2222222222222222,1
서울특별시,종로구,공평동,1111012700,2024,20-39세,0,0,0.0,0,0,0.0,0,0.0,1
서울특별시,종로구,관훈동,1111012800,2024,20-39세,80,23,0.2875,47,34,0.723404255319149,10,0.2127659574468085,1
서울특별시,종로구,견지동,1111012900,2024,20-39세,230,66,0.28695652173913044,136,97,0.7132352941176471,31,0.22794117647058823,1
서울특별시,종로구,와룡동,1111013000,2024,20-39세,188,64,0.3404255319148936,108,71,0.6574074074074074,13,0.12037037037037036,2
서울특별시,종로구,권농동,1111013100,2024,20-39세,118,34,0.288135593220339,70,50,0.7142857142857143,16,0.22857142857142856,1
서울특별시,종로구,운니동,1111013200,2024,20-39세,161,46,0.2857142857142857,95,68,0.7157894736842105,21,0.22105263157894736,1
서울특별시,종로구,익선동,1111013300,2024,20-39세,1009,293,0.29038652130822595,599,428,0.7145242070116862,136,0.2270450751252087,1
서울특별시,종로구,경운동,1111013400,2024,20-39세,244,71,0.29098360655737704,144,103,0.7152777777777778,33,0.22916666666666666,1
서울특별시,종로구,관철동,1111013500,2024,20-39세,319,93,0.29153605015673983,189,135,0.7142857142857143,43,0.2275132275132275,1
서울특별시,종로구,인사동,1111013600,2024,20-39세,74,21,0.28378378378378377,44,31,0.7045454545454546,10,0.22727272727272727,1
서울특별시,종로구,낙원동,1111013700,2024,20-39세,859,249,0.28987194412107103,509,364,0.7151277013752456,116,0.22789783889980353,1
서울특별시,종로구,종로2가,1111013800,2024,20-39세,57,16,0.2807017543859649,34,24,0.7058823529411765,7,0.20588235294117646,1
서울특별시,종로구,팔판동,1111013900,2024,20-39세,281,66,0.23487544483985764,117,45,0.38461538461538464,5,0.042735042735042736,1
서울특별시,종로구,삼청동,1111014000,2024,20-39세,1240,293,0.23629032258064517,518,198,0.38223938223938225,23,0.0444015444015444,1
서울특별시,종로구,안국동,1111014100,2024,20-39세,251,59,0.2350597609561753,105,40,0.38095238095238093,4,0.0380952380952381,1
서울특별시,종로구,소격동,1111014200,2024,20-39세,124,29,0.23387096774193547,52,19,0.36538461538461536,2,0.038461538461538464,1
서울특별시,종로구,화동,1111014300,2024,20-39세,193,45,0.23316062176165803,81,31,0.38271604938271603,3,0.037037037037037035,1
서울특별시,종로구,사간동,1111014400,2024,20-39세,124,29,0.23387096774193547,52,19,0.36538461538461536,2,0.038461538461538464,1
서울특별시,종로구,송현동,1111014500,2024,20-39세,0,0,0.0,0,0,0.0,0,0.0,1
서울특별시,종로구,가회동,1111014600,2024,20-39세,930,218,0.23440860215053763,403,157,0.38957816377171217,16,0.03970223325062035,1
서울특별시,종로구,재동,1111014700,2024,20-39세,77,18,0.23376623376623376,33,13,0.3939393939393939,1,0.030303030303030304,1
서울특별시,종로구,계동,1111014800,2024,20-39세,1025,240,0.23414634146341465,444,173,0.38963963963963966,17,0.038288288288288286,1
서울특별시,종로구,원서동,1111014900,2024,20-39세,1746,409,0.23424971363115693,757,296,0.3910171730515192,30,0.03963011889035667,1
서울특별시,종로구,훈정동,1111015000,2024,20-39세,0,0,0.0,0,0,0.0,0,0.0,1
서울특별시,종로구,묘동,1111015100,2024,20-39세,22,6,0.2727272727272727,13,9,0.6923076923076923,3,0.23076923076923078,1
서울특별시,종로구,봉익동,1111015200,2024,20-39세,52,15,0.28846153846153844,31,22,0.7096774193548387,7,0.22580645161290322,1
서울특별시,종로구,돈의동,1111015300,2024,20-39세,758,220,0.29023746701846964,450,321,0.7133333333333334,102,0.22666666666666666,1
서울특별시,종로구,장사동,1111015400,2024,20-39세,63,18,0.2857142857142857,37,27,0.7297297297297297,8,0.21621621621621623,1
서울특별시,종로구,관수동,1111015500,2024,20-39세,376,109,0.2898936170212766,223,159,0.7130044843049327,51,0.22869955156950672,1
서울특별시,종로구,종로3가,1111015600,2024,20-39세,120,35,0.2916666666666667,71,51,0.7183098591549296,16,0.22535211267605634,1
서울특별시,종로구,인의동,1111015700,2024,20-39세,1097,319,0.2907930720145852,651,465,0.7142857142857143,148,0.22734254992319508,1
서울특별시,종로구,예지동,1111015800,2024,20-39세,31,9,0.2903225806451613,18,13,0.7222222222222222,4,0.2222222222222222,1
서울특별시,종로구,원남동,1111015900,2024,20-39세,445,129,0.2898876404494382,264,189,0.7159090909090909,60,0.22727272727272727,1
서울특별시,종로구,연지동,1111016000,2024,20-39세,868,332,0.3824884792626728,499,324,0.6492985971943888,47,0.09418837675350701,1
서울특별시,종로구,종로4가,1111016100,2024,20-39세,21,6,0.2857142857142857,13,9,0.6923076923076923,2,0.15384615384615385,1
서울특별시,종로구,효제동,1111016200,2024,20-39세,826,315,0.3813559322033898,475,308,0.6484210526315789,44,0.09263157894736843,1
서울특별시,종로구,종로5가,1111016300,2024,20-39세,223,85,0.3811659192825112,128,83,0.6484375,12,0.09375,1
서울특별시,종로구,종로6가,1111016400,2024,20-39세,448,171,0.38169642857142855,257,167,0.6498054474708171,24,0.0933852140077821,1
서울특별시,종로구,이화동,1111016500,2024,20-39세,1655,662,0.4,895,523,0.5843575418994413,56,0.06256983240223464,1
서울특별시,종로구,연건동,1111016600,2024,20-39세,1740,696,0.4,941,550,0.5844845908607864,59,0.06269925611052073,1
서울특별시,종로구,충신동,1111016700,2024,20-39세,2928,1118,0.3818306010928962,1684,1094,0.649643705463183,159,0.09441805225653206,1
서울특별시,종로구,동숭동,1111016800,2024,20-39세,3614,1445,0.39983397897066963,1955,1142,0.5841432225063938,123,0.06291560102301791,1
서울특별시,종로구,혜화동,1111016900,2024,20-39세,3155,1259,0.39904912836767037,1762,1037,0.5885357548240636,59,0.03348467650397276,1
서울특별시,종로구,명륜1가,1111017000,2024,20-39세,4241,1692,0.3989625088422542,2369,1394,0.5884339383706205,79,0.03334740396791895,1
서울특별시,종로구,명륜2가,1111017100,2024,20-39세,2995,1195,0.3989983305509182,1673,985,0.588762701733413,56,0.03347280334728033,1
서울특별시,종로구,명륜4가,1111017200,2024,20-39세,818,326,0.39853300733496333,457,269,0.5886214442013129,15,0.03282275711159737,1
서울특별시,종로구,명륜3가,1111017300,2024,20-39세,4516,1802,0.39902568644818426,2523,1485,0.5885850178359097,84,0.03329369797859691,1
서울특별시,종로구,창신동,1111017400,2024,20-39세,18059,4613,0.25544050058142753,8178,3286,0.4018097334311568,1161,0.14196625091709464,3
서울특별시,종로구,숭인동,1111017500,2024,20-39세,15802,6012,0.3804581698519175,8927,5365,0.6009857734961354,807,0.09039991038422762,2
서울특별시,종로구,교남동,1111017600,2024,20-39세,553,143,0.2585895117540687,231,77,0.3333333333333333,11,0.047619047619047616,1
서울특별시,종로구,평동,1111017700,2024,20-39세,1549,402,0.25952227243382825,649,217,0.33436055469953774,33,0.05084745762711865,1
서울특별시,종로구,송월동,1111017800,2024,20-39세,871,226,0.25947187141216993,365,122,0.33424657534246577,18,0.049315068493150684,1
서울특별시,종로구,홍파동,1111017900,2024,20-39세,1566,407,0.2598978288633461,656,219,0.33384146341463417,33,0.05030487804878049,1
서울특별시,종로구,교북동,1111018000,2024,20-39세,945,245,0.25925925925925924,396,132,0.3333333333333333,20,0.050505050505050504,1
서울특별시,종로구,행촌동,1111018100,2024,20-39세,4067,1057,0.25989672977624784,1704,570,0.3345070422535211,86,0.05046948356807512,1
서울특별시,종로구,구기동,1111018200,2024,20-39세,5689,1305,0.2293900509755669,2050,479,0.23365853658536587,42,0.02048780487804878,1
서울특별시,종로구,평창동,1111018300,2024,20-39세,11562,2653,0.2294585711814565,4167,974,0.23374130069594432,87,0.02087832973362131,1
서울특별시,종로구,부암동,1111018400,2024,20-39세,4083,1013,0.24810188586823415,1687,560,0.33195020746887965,53,0.03141671606401897,1
서울특별시,종로구,홍지동,1111018500,2024,20-39세,1571,390,0.24824952259707192,649,215,0.3312788906009245,20,0.030816640986132512,1
서울특별시,종로구,신영동,1111018600,2024,20-39세,3397,843,0.24816014130114808,1404,466,0.3319088319088319,44,0.03133903133903134,1
서울특별시,종로구,무악동,1111018700,2024,20-39세,7839,1608,0.20512820512820512,2836,591,0.20839210155148097,194,0.0684062059238364,1
서울특별시,중구,무교동,1114010100,2024,20-39세,3,0,0.0,1,0,0.0,0,0.0,1
서울특별시,중구,다동,1114010200,2024,20-39세,19,4,0.21052631578947367,7,3,0.42857142857142855,0,0.0,1
서울특별시,중구,태평로1가,1114010300,2024,20-39세,1,0,0.0,0,0,0.0,0,0.0,1
서울특별시,중구,을지로1가,1114010400,2024,20-39세,0,0,0.0,0,0,0.0,0,0.0,1
서울특별시,중구,을지로2가,1114010500,2024,20-39세,18,4,0.2222222222222222,6,3,0.5,0,0.0,1
서울특별시,중구,남대문로1가,1114010600,2024,20-39세,0,0,0.0,0,0,0.0,0,0.0,1
서울특별시,중구,삼각동,1114010700,2024,20-39세,1,0,0.0,0,0,0.0,0,0.0,1
서울특별시,중구,수하동,1114010800,2024,20-39세,0,0,0.0,0,0,0.0,0,0.0,1
서울특별시,중구,장교동,1114010900,2024,20-39세,0,0,0.0,0,0,0.0,0,0.0,1
서울특별시,중구,수표동,1114011000,2024,20-39세,0,0,0.0,0,0,0.0,0,0.0,1
서울특별시,중구,소공동,1114011100,2024,20-39세,0,0,0.0,0,0,0.0,0,0.0,1
서울특별시,중구,남창동,1114011200,2024,20-39세,277,62,0.22382671480144403,129,65,0.5038759689922481,26,0.20155038759689922,1
서울특별시,중구,북창동,1114011300,2024,20-39세,158,48,0.3037974683544304,81,45,0.5555555555555556,2,0.024691358024691357,1
서울특별시,중구,태평로2가,1114011400,2024,20-39세,59,18,0.3050847457627119,30,17,0.5666666666666667,0,0.0,1
서울특별시,중구,남대문로2가,1114011500,2024,20-39세,0,0,0.0,0,0,0.0,0,0.0,2
서울특별시,중구,남대문로3가,1114011600,2024,20-39세,15,3,0.2,8,3,0.375,0,0.0,2
서울특별시,중구,남대문로4가,1114011700,2024,20-39세,5,1,0.2,3,1,0.3333333333333333,0,0.0,2
서울특별시,중구,남대문로5가,1114011800,2024,20-39세,454,101,0.22246696035242292,212,106,0.5,43,0.2028301886792453,1
서울특별시,중구,봉래동1가,1114011900,2024,20-39세,67,18,0.26865671641791045,33,17,0.5151515151515151,2,0.06060606060606061,2
서울특별시,중구,봉래동2가,1114012000,2024,20-39세,0,0,0.0,0,0,0.0,0,0.0,1
서울특별시,중구,회현동1가,1114012100,2024,20-39세,3439,802,0.23320732771154407,1497,775,0.5177020708082832,228,0.1523046092184369,2
서울특별시,중구,회현동2가,1114012200,2024,20-39세,867,202,0.23298731257208766,376,195,0.5186170212765957,57,0.15159574468085107,2
서울특별시,중구,회현동3가,1114012300,2024,20-39세,14,3,0.21428571428571427,5,3,0.6,0,0.0,1
서울특별시,중구,충무로1가,1114012400,2024,20-39세,11,2,0.18181818181818182,4,1,0.25,0,0.0,2
서울특별시,중구,충무로2가,1114012500,2024,20-39세,102,25,0.24509803921568626,39,21,0.5384615384615384,1,0.02564102564102564,1
서울특별시,중구,명동1가,1114012600,2024,20-39세,2,0,0.0,1,0,0.0,0,0.0,1
서울특별시,중구,명동2가,1114012700,2024,20-39세,202,50,0.24752475247524752,77,42,0.5454545454545454,3,0.03896103896103896,1
서울특별시,중구,남산동1가,1114012800,2024,20-39세,51,12,0.23529411764705882,19,10,0.5263157894736842,0,0.0,1
서울특별시,중구,남산동2가,1114012900,2024,20-39세,200,50,0.25,76,42,0.5526315789473685,3,0.039473684210526314,1
서울특별시,중구,남산동3가,1114013000,2024,20-39세,15,3,0.2,5,3,0.6,0,0.0,1
서울특별시,중구,저동1가,1114013100,2024,20-39세,5,1,0.2,2,1,0.5,0,0.0,1
서울특별시,중구,충무로4가,1114013200,2024,20-39세,2168,897,0.4137453874538745,1307,873,0.6679418515684774,73,0.0558530986993114,2
서울특별시,중구,충무로5가,1114013300,2024,20-39세,846,349,0.41252955082742315,510,341,0.6686274509803921,28,0.054901960784313725,2
서울특별시,중구,인현동2가,1114013400,2024,20-39세,1082,459,0.4242144177449168,677,466,0.6883308714918759,41,0.060561299852289516,1
서울특별시,중구,예관동,1114013500,2024,20-39세,20,8,0.4,12,8,0.6666666666666666,0,0.0,1
서울특별시,중구,묵정동,1114013600,2024,20-39세,1543,626,0.40570317563188596,955,599,0.6272251308900524,47,0.049214659685863874,2
서울특별시,중구,필동1가,1114013700,2024,20-39세,81,31,0.38271604938271603,45,28,0.6222222222222222,2,0.044444444444444446,1
서울특별시,중구,필동2가,1114013800,2024,20-39세,401,157,0.3915211970074813,223,138,0.6188340807174888,10,0.04484304932735426,1
서울특별시,중구,필동3가,1114013900,2024,20-39세,458,179,0.39082969432314413,255,158,0.6196078431372549,12,0.047058823529411764,1
서울특별시,중구,남학동,1114014000,2024,20-39세,15,6,0.4,8,5,0.625,0,0.0,1
서울특별시,중구,주자동,1114014100,2024,20-39세,10,4,0.4,5,3,0.6,0,0.0,1
서울특별시,중구,예장동,1114014200,2024,20-39세,666,217,0.3258258258258258,317,189,0.5962145110410094,14,0.04416403785488959,2
서울특별시,중구,장충동1가,1114014300,2024,20-39세,1335,552,0.4134831460674157,876,552,0.6301369863013698,44,0.0502283105022831,1
서울특별시,중구,장충동2가,1114014400,2024,20-39세,3574,1449,0.40542809177392275,2212,1387,0.6270343580470162,109,0.049276672694394216,2
서울특별시,중구,광희동1가,1114014500,2024,20-39세,349,148,0.42406876790830944,219,150,0.684931506849315,13,0.0593607305936073,1
서울특별시,중구,광희동2가,1114014600,2024,20-39세,814,346,0.4250614250614251,509,351,0.6895874263261297,31,0.060903732809430254,1
서울특별시,중구,쌍림동,1114014700,2024,20-39세,559,237,0.42397137745974955,350,241,0.6885714285714286,21,0.06,1
서울특별시,중구,을지로6가,1114014800,2024,20-39세,149,63,0.4228187919463087,93,64,0.6881720430107527,5,0.053763440860215055,1
서울특별시,중구,을지로7가,1114014900,2024,20-39세,46,19,0.41304347826086957,29,20,0.6896551724137931,1,0.034482758620689655,1
서울특별시,중구,을지로4가,1114015000,2024,20-39세,126,54,0.42857142857142855,82,53,0.6463414634146342,6,0.07317073170731707,1
서울특별시,중구,을지로5가,1114015100,2024,20-39세,420,181,0.430952380952381,274,178,0.6496350364963503,20,0.072992700729927,1
서울특별시,중구,주교동,1114015200,2024,20-39세,242,104,0.4297520661157025,157,103,0.6560509554140127,11,0.07006369426751592,1
서울특별시,중구,방산동,1114015300,2024,20-39세,43,18,0.4186046511627907,28,18,0.6428571428571429,2,0.07142857142857142,1
서울특별시,중구,오장동,1114015400,2024,20-39세,669,284,0.42451420029895365,419,288,0.6873508353221957,25,0.059665871121718374,1
서울특별시,중구,을지로3가,1114015500,2024,20-39세,201,86,0.42786069651741293,131,85,0.648854961832061,9,0.06870229007633588,1
서울특별시,중구,입정동,1114015600,2024,20-39세,1559,673,0.431686978832585,1017,663,0.6519174041297935,75,0.07374631268436578,1
서울특별시,중구,산림동,1114015700,2024,20-39세,134,57,0.4253731343283582,87,57,0.6551724137931034,6,0.06896551724137931,1
서울특별시,중구,충무로3가,1114015800,2024,20-39세,122,48,0.39344262295081966,68,42,0.6176470588235294,3,0.04411764705882353,1
서울특별시,중구,초동,1114015900,2024,20-39세,66,28,0.42424242424242425,43,28,0.6511627906976745,3,0.06976744186046512,1
서울특별시,중구,인현동1가,1114016000,2024,20-39세,79,34,0.43037974683544306,51,33,0.6470588235294118,3,0.058823529411764705,1
서울특별시,중구,저동2가,1114016100,2024,20-39세,225,97,0.4311111111111111,146,95,0.6506849315068494,10,0.0684931506849315,1
서울특별시,중구,신당동,1114016200,2024,20-39세,68407,19788,0.2892686420980309,31932,13289,0.4161656019040461,2989,0.093605160967055,11
서울특별시,중구,흥인동,1114016300,2024,20-39세,251,86,0.3426294820717131,143,86,0.6013986013986014,15,0.1048951048951049,2
서울특별시,중구,무학동,1114016400,2024,20-39세,22,7,0.3181818181818182,12,7,0.5833333333333334,1,0.08333333333333333,2
서울특별시,중구,황학동,1114016500,2024,20-39세,13101,5452,0.416151438821464,7298,4099,0.5616607289668403,521,0.07138942175938613,1
서울특별시,중구,서소문동,1114016600,2024,20-39세,22,6,0.2727272727272727,11,6,0.5454545454545454,0,0.0,1
서울특별시,중구,정동,1114016700,2024,20-39세,512,156,0.3046875,263,147,0.55893536121673,8,0.030418250950570342,1
서울특별시,중구,순화동,1114016800,2024,20-39세,1916,519,0.2708768267223382,946,508,0.5369978858350951,93,0.09830866807610994,2
서울특별시,중구,의주로1가,1114016900,2024,20-39세,227,69,0.3039647577092511,116,65,0.5603448275862069,3,0.02586206896551724,1
서울특별시,중구,충정로1가,1114017000,2024,20-39세,0,0,0.0,0,0,0.0,0,0.0,1
서울특별시,중구,중림동,1114017100,2024,20-39세,6271,1785,0.28464359751235846,2796,1122,0.4012875536480687,307,0.10979971387696709,1
서울특별시,중구,의주로2가,1114017200,2024,20-39세,8,2,0.25,3,1,0.3333333333333333,0,0.0,1
서울특별시,중구,만리동1가,1114017300,2024,20-39세,1324,376,0.283987915407855,590,237,0.4016949152542373,64,0.10847457627118644,1
서울특별시,중구,만리동2가,1114017400,2024,20-39세,4457,1269,0.2847206641238501,1987,797,0.4011071967790639,218,0.10971313537996981,1
서울특별시,중랑구,면목동,1126010100,2024,20-39세,132548,36666,0.27662431722847575,62540,26281,0.4202270546850016,8230,0.13159577870163094,6
서울특별시,중랑구,상봉동,1126010200,2024,20-39세,43679,15400,0.352572174271389,21411,9940,0.46424734949325114,2403,0.11223203026481715,2
서울특별시,중랑구,중화동,1126010300,2024,20-39세,41773,11733,0.2808752064730807,20182,8866,0.43930234862748985,3077,0.15246259042711327,2
서울특별시,중랑구,묵동,1126010400,2024,20-39세,51231,13925,0.2718080849485663,22356,8123,0.3633476471640723,1892,0.08463052424405082,2
서울특별시,중랑구,망우동,1126010500,2024,20-39세,53589,14735,0.274963145421635,24493,9995,0.40807577675254153,3822,0.15604458416690484,2
서울특별시,중랑구,신내동,1126010600,2024,20-39세,56454,13349,0.23645800120452048,22344,5944,0.26602219835302543,2608,0.11672037235947011,2
