시군구명,법정동명,법정동코드,cluster_id,cluster_label,청년비율,1인가구비율,기초수급가구비율,concentration_index,concentration_rank
동대문구,제기동,1123010300,3,복합 밀집형,0.3244813278008299,0.5204557224236147,0.1202313136544104,0.4912946119729019,113
용산구,보광동,1117013600,3,복합 밀집형,0.2742451648810352,0.5121042830540037,0.140462889066241,0.4808609244630445,119
중랑구,상봉동,1126010200,3,복합 밀집형,0.352572174271389,0.4642473494932511,0.1122320302648171,0.4771465209873774,121
용산구,용산동2가,1117010200,3,복합 밀집형,0.3324125230202578,0.4812255240727943,0.1161022805805114,0.47655316681572696,122
강서구,개화동,1150011000,3,복합 밀집형,0.3052631578947368,0.4640287769784172,0.1366906474820144,0.4755361906610734,124
중랑구,중화동,1126010300,3,복합 밀집형,0.2808752064730807,0.4393023486274898,0.1524625904271132,0.4684141758010183,137
영등포구,도림동,1156011800,3,복합 밀집형,0.33692691783931,0.4985549132947977,0.0884837705646954,0.4585324918545623,148
금천구,독산동,1154510200,3,복합 밀집형,0.3375219830423548,0.4864530830581465,0.0916710117219937,0.45735889852182515,149
중랑구,망우동,1126010500,3,복합 밀집형,0.274963145421635,0.4080757767525415,0.1560445841669048,0.4568229605243762,150
강동구,천호동,1174010900,3,복합 밀집형,0.3216158093577448,0.4641925681334194,0.1078649534611059,0.4561624871050819,151
마포구,중동,1144012600,3,복합 밀집형,0.3509964467789278,0.4525904203323558,0.0925382860866731,0.4525494153743671,154
중구,순화동,1114016800,3,복합 밀집형,0.2708768267223382,0.5369978858350951,0.0983086680761099,0.447233326652248,157
광진구,중곡동,1121510100,3,복합 밀집형,0.3246093449311061,0.4454098273004331,0.1023365235523712,0.44519086293183047,159
중랑구,면목동,1126010100,3,복합 밀집형,0.2766243172284757,0.4202270546850016,0.1315957787016309,0.4383950487315,164
용산구,후암동,1117010100,3,복합 밀집형,0.310111364211592,0.4451718494271686,0.1003818876159301,0.4353710777130029,165
마포구,성산동,1144012500,3,복합 밀집형,0.3471692143408016,0.4518478441817879,0.0771599800233061,0.43513270440388546,166
동대문구,이문동,1123011000,3,복합 밀집형,0.3277209354621093,0.4998084396037436,0.0678123802747523,0.433791442852351,167
강북구,수유동,1130510300,3,복합 밀집형,0.2588354151359294,0.4263685277604491,0.1328368683718028,0.43236774652557686,168
종로구,창신동,1111017400,3,복합 밀집형,0.2554405005814275,0.4018097334311568,0.1419662509170946,0.4301138205367385,169
성북구,상월곡동,1129013700,3,복합 밀집형,0.319417203698515,0.4704861111111111,0.078125,0.42823390864144417,171
용산구,이태원동,1117013000,3,복합 밀집형,0.3323244135653849,0.4914792092706203,0.0612133605998636,0.4266271187851456,173
성북구,삼선동4가,1129011400,3,복합 밀집형,0.327319587628866,0.4720720720720721,0.0702702702702702,0.42540029357812853,174
성북구,삼선동2가,1129011200,3,복합 밀집형,0.3272458045409674,0.4715615305067218,0.0703205791106515,0.4252150208019523,175
성북구,삼선동1가,1129011100,3,복합 밀집형,0.3275976174718729,0.4715672676837725,0.0693481276005547,0.424453810970763,176
성북구,삼선동5가,1129011500,3,복합 밀집형,0.3275862068965517,0.4716981132075472,0.0691823899371069,0.4243351662759133,177
성북구,삼선동3가,1129011300,3,복합 밀집형,0.3274725274725275,0.4715821812596006,0.0691244239631336,0.42417285701274143,178
성북구,동소문동5가,1129010800,3,복합 밀집형,0.3275434243176178,0.4739583333333333,0.0677083333333333,0.4237299836930767,179
성북구,동소문동2가,1129010500,3,복합 밀집형,0.3240223463687151,0.4705882352941176,0.0705882352941176,0.42336870921700176,180
노원구,하계동,1135010400,3,복합 밀집형,0.2585004826772498,0.3119286025250326,0.1656508489333913,0.4206772068605762,185
은평구,불광동,1138010300,3,복합 밀집형,0.2746841586173427,0.3951145979649868,0.1220322724313953,0.41839484187954323,186
구로구,오류동,1153010800,3,복합 밀집형,0.3042101857842684,0.4235235977267111,0.0923647146034099,0.4160734183334571,187
강서구,방화동,1150010900,3,복합 밀집형,0.27369321717486,0.3980690037028065,0.117797695262484,0.4148382412063277,188
서초구,원지동,1165010400,3,복합 밀집형,0.3378378378378378,0.4647887323943662,0.056338028169014,0.414636163892499,189
중구,중림동,1114017100,3,복합 밀집형,0.2846435975123584,0.4012875536480687,0.109799713876967,0.414129863959069,190
중구,만리동2가,1114017400,3,복합 밀집형,0.2847206641238501,0.4011071967790639,0.1097131353799698,0.4140177305671066,191
송파구,마천동,1171011400,3,복합 밀집형,0.2196158219137095,0.3608028178374426,0.1608294012095434,0.41364529088515983,192
서대문구,충정로3가,1141010200,3,복합 밀집형,0.3181312569521691,0.463678516228748,0.0656877897990726,0.41275477691862705,193
중구,만리동1가,1114017300,3,복합 밀집형,0.283987915407855,0.4016949152542373,0.1084745762711864,0.41263330076648386,194
마포구,신수동,1144011100,3,복합 밀집형,0.3504838489845986,0.471012443438914,0.0442590497737556,0.41198894310554396,195
노원구,월계동,1135010200,3,복합 밀집형,0.2508880874257667,0.3625246548323471,0.1405249582764375,0.41125759598382206,196
서대문구,충정로2가,1141010100,3,복합 밀집형,0.317741935483871,0.4646464646464646,0.0639730639730639,0.4112338751900196,197
서대문구,합동,1141010300,3,복합 밀집형,0.3171521035598705,0.4628378378378378,0.0641891891891891,0.4104376663961473,201
성동구,마장동,1120010500,3,복합 밀집형,0.3354572713643178,0.4349748743718593,0.064321608040201,0.40980080093730975,203
성동구,성수동2가,1120011500,3,복합 밀집형,0.3088525692197806,0.4538515529040182,0.0711528338304965,0.40936018143647385,204
중구,신당동,1114016200,3,복합 밀집형,0.2892686420980309,0.4161656019040461,0.093605160967055,0.4064289224457932,210
성북구,보문동6가,1129012800,3,복합 밀집형,0.3312386307259798,0.4306983339241403,0.0641616448068061,0.4057386409762178,211
동작구,상도동,1159010200,3,복합 밀집형,0.3328371984733459,0.4370301424786998,0.060571346745901,0.4054977467628791,212
영등포구,신길동,1156013200,3,복합 밀집형,0.3017836541102789,0.4125238037356671,0.0871520602892913,0.40546000283969164,213
성북구,보문동3가,1129013200,3,복합 밀집형,0.3309803921568627,0.4306139613120269,0.063919259882254,0.4053297358425772,214
성북구,보문동5가,1129012700,3,복합 밀집형,0.3312392918332381,0.430844553243574,0.0636474908200734,0.4052909204073135,215
성북구,보문동1가,1129013000,3,복합 밀집형,0.3311611374407583,0.4307496823379924,0.0635324015247776,0.4050998123142006,216
성북구,보문동2가,1129013100,3,복합 밀집형,0.3309964947421132,0.430719656283566,0.0633727175080558,0.40484313337895217,217
강서구,화곡동,1150010300,3,복합 밀집형,0.3127266045506899,0.4130535904641922,0.0798526989049326,0.4044062966341222,218
성북구,보문동7가,1129012900,3,복합 밀집형,0.3307317073170732,0.4309623430962343,0.0627615062761506,0.40419404768679973,219
성북구,보문동4가,1129012600,3,복합 밀집형,0.3309053069719043,0.4308035714285714,0.0625,0.40397074631210617,220
노원구,공릉동,1135010300,3,복합 밀집형,0.3098877369167327,0.4154200230149597,0.0800345224395857,0.4039575034081314,221
마포구,신공덕동,1144010300,3,복합 밀집형,0.3342546890424481,0.4244261585101775,0.0623646600259852,0.4032097252639289,222
성동구,행당동,1120010700,3,복합 밀집형,0.3431223339263896,0.4268463914630722,0.0559299822147336,0.40260631137732883,224
서대문구,미근동,1141010400,3,복합 밀집형,0.316,0.4583333333333333,0.0583333333333333,0.4023592025455952,225
강북구,미아동,1130510100,3,복합 밀집형,0.2438679881605154,0.3819068449926494,0.1276847502599591,0.40228664497010963,226
중구,봉래동1가,1114011900,3,복합 밀집형,0.2686567164179104,0.5151515151515151,0.0606060606060606,0.4007521914364335,227
은평구,갈현동,1138010400,3,복합 밀집형,0.2765136907057462,0.365189212940078,0.1138023836985774,0.3998966829694627,229
동작구,대방동,1159010800,3,복합 밀집형,0.308787783465355,0.4253485424588086,0.0713561470215462,0.39864839726713036,230
서대문구,북아현동,1141011000,3,복합 밀집형,0.3123345301563123,0.4258054401505056,0.0692169005252018,0.39863773524969187,231
구로구,구로동,1153010200,3,복합 밀집형,0.3164872611747584,0.4552518660080049,0.0551328741931994,0.39830953402218905,232
성북구,석관동,1129013900,3,복합 밀집형,0.2713166706529538,0.3934673037900111,0.1034234470118478,0.39771477292909346,233
금천구,시흥동,1154510300,3,복합 밀집형,0.2434594572643932,0.3637691745799853,0.1284012052593133,0.3958476679153412,234
성북구,장위동,1129013800,3,복합 밀집형,0.2638628919045391,0.3400165929203539,0.1239398967551622,0.39340820455515485,235
서초구,양재동,1165010200,3,복합 밀집형,0.296588519883345,0.4017173119440588,0.0817522751812432,0.3932448687305763,236
광진구,자양동,1121510500,3,복합 밀집형,0.3103241688815302,0.4031926472366671,0.0731648325069536,0.3927947195871975,237
강동구,성내동,1174010800,3,복합 밀집형,0.312417896607681,0.4249578971700294,0.0634019086616253,0.39266056854103715,238
동작구,사당동,1159010700,3,복합 밀집형,0.3280679099472456,0.425148407987048,0.0546788990825688,0.39261901675362554,239
성북구,성북동,1129010100,3,복합 밀집형,0.3160138820029747,0.4637348895373072,0.0460608586911213,0.3924007727784272,240
성북구,성북동1가,1129010200,3,복합 밀집형,0.3157894736842105,0.4634703196347032,0.045662100456621,0.39178809474178206,241
마포구,창전동,1144011400,3,복합 밀집형,0.3567645992020312,0.4520990312163617,0.0275257573427648,0.39175827960424237,242
성북구,동소문동4가,1129010700,3,복합 밀집형,0.3158783783783784,0.4637784090909091,0.0454545454545454,0.3917501645767398,243
마포구,당인동,1144011800,3,복합 밀집형,0.3560606060606061,0.4528735632183908,0.0275862068965517,0.3917336595045324,244
마포구,상수동,1144011500,3,복합 밀집형,0.3567520875323927,0.4520757020757021,0.0274725274725274,0.3916904695022394,245
광진구,구의동,1121510300,3,복합 밀집형,0.3207224059120309,0.4063416637334271,0.0650592514372873,0.3916567941828951,246
마포구,하중동,1144011600,3,복합 밀집형,0.3567688855646971,0.4523809523809524,0.0269841269841269,0.39133736677046593,247
성북구,동소문동1가,1129010400,3,복합 밀집형,0.3152289669861555,0.4641255605381166,0.0448430493273542,0.3909333746648294,248
마포구,망원동,1144012300,3,복합 밀집형,0.325615369773147,0.416474756421612,0.0574549749040448,0.3907081442660311,249
강동구,길동,1174010500,3,복합 밀집형,0.3030092738628477,0.412738560588641,0.0690273626120947,0.3884402720437554,250
동대문구,전농동,1123010400,3,복합 밀집형,0.2801828743208755,0.3872597165707871,0.0905359898975726,0.3874946739912465,251
용산구,용문동,1117012100,3,복합 밀집형,0.3106111484217596,0.375894538606403,0.0779661016949152,0.3872382738718147,252
용산구,도원동,1117012000,3,복합 밀집형,0.3104707012487992,0.3757001292546316,0.0779836277466609,0.387105575545541,253
영등포구,대림동,1156013300,3,복합 밀집형,0.2754137595326951,0.4141765413017345,0.0815730722995019,0.38641164584178556,254
성동구,홍익동,1120010300,3,복합 밀집형,0.3164335664335664,0.3856143856143856,0.0699300699300699,0.3862097316247004,255
마포구,대흥동,1144010800,3,복합 밀집형,0.3259043457149793,0.4392778419229558,0.043770336937126,0.38615408875880747,256
성동구,도선동,1120010400,3,복합 밀집형,0.3162806774974075,0.3857707509881423,0.0695652173913043,0.385829444854602,257
성동구,상왕십리동,1120010100,3,복합 밀집형,0.3163620539599652,0.3850746268656716,0.0696517412935323,0.385692469200818,258
은평구,녹번동,1138010200,3,복합 밀집형,0.2761819101692057,0.3742573018950528,0.095190443429858,0.38493835555612044,259
중구,남산동2가,1114012900,3,복합 밀집형,0.25,0.5526315789473685,0.0394736842105263,0.38428930944096196,260
성동구,하왕십리동,1120010200,3,복합 밀집형,0.3152576722640416,0.383187413600158,0.069251530511487,0.38398495661802123,261
강서구,마곡동,1150010500,3,복합 밀집형,0.2861086182045634,0.384572282405678,0.0842049557962893,0.38345837211935213,262
성북구,동소문동3가,1129010600,3,복합 밀집형,0.3269230769230769,0.44,0.04,0.38328374554142275,263
용산구,산천동,1117011500,3,복합 밀집형,0.3102595797280593,0.388810531264692,0.0686412787964269,0.3828389316166094,264
용산구,원효로4가,1117011800,3,복합 밀집형,0.3103168155970755,0.3885114268066708,0.0685608400247066,0.38267681627771327,265
용산구,신창동,1117011400,3,복합 밀집형,0.310405643738977,0.3883299798792756,0.0684104627766599,0.3825080828401997,266
은평구,역촌동,1138010800,3,복합 밀집형,0.2663071917730303,0.3608530405405405,0.1027766047297297,0.38193621711966946,267
용산구,원효로3가,1117011700,3,복합 밀집형,0.310014374700527,0.3884026258205689,0.0678336980306345,0.3817597058140814,268
용산구,청암동,1117011600,3,복합 밀집형,0.3101777059773828,0.3874538745387454,0.066420664206642,0.38010093479751306,270
강북구,우이동,1130510400,3,복합 밀집형,0.2307692307692307,0.3547995139732685,0.1227217496962333,0.38002000094381044,271
성동구,성수동1가,1120011400,3,복합 밀집형,0.3329615584801844,0.409396510324956,0.0450616295821994,0.37982086512249125,272
중구,명동2가,1114012700,3,복합 밀집형,0.2475247524752475,0.5454545454545454,0.0389610389610389,0.37971432879893896,273
송파구,문정동,1171010800,3,복합 밀집형,0.3391784292435758,0.4061941873680792,0.0427017372950154,0.3796367098733854,274
도봉구,도봉동,1132010800,3,복합 밀집형,0.2167247845252977,0.3545288873565483,0.127665862187854,0.37719295567814626,275
은평구,응암동,1138010700,3,복합 밀집형,0.2674002884393974,0.3601827094474153,0.0959224598930481,0.37555247718279894,276
강남구,자곡동,1168011200,3,복합 밀집형,0.2831338028169014,0.3561539114923978,0.0885925422577083,0.3753111623875478,277
강남구,세곡동,1168011100,3,복합 밀집형,0.2831235331768722,0.3561502830674215,0.0885229027277406,0.3752359964776245,278
강남구,율현동,1168011300,3,복합 밀집형,0.2830437072143233,0.3557814485387547,0.0883100381194409,0.37484362927829795,279
송파구,방이동,1171011100,3,복합 밀집형,0.3281540165261095,0.4139504563233376,0.0406856354014878,0.37467913426244615,280
마포구,신정동,1144011700,3,복합 밀집형,0.3357917570498915,0.4220963172804532,0.0292728989612842,0.3707191598452499,281
송파구,송파동,1171010400,3,복합 밀집형,0.3434537381495259,0.3869401560198571,0.0387322022802902,0.3707037581771977,282
양천구,신월동,1147010300,3,복합 밀집형,0.242163433072758,0.3316045446289831,0.1148063689383084,0.3695529499456348,284
강서구,염창동,1150010100,3,복합 밀집형,0.2996984628962271,0.3333623921192573,0.0823816580943248,0.3694549940283959,285
도봉구,방학동,1132010600,3,복합 밀집형,0.2207903538604232,0.3226011793084963,0.1293889037791477,0.3688896999190385,286
동작구,신대방동,1159010900,3,복합 밀집형,0.3065963178165142,0.3963781678385351,0.0530122919722798,0.3684359152339245,287
중랑구,묵동,1126010400,3,복합 밀집형,0.2718080849485663,0.3633476471640723,0.0846305242440508,0.36806955558925714,288
서대문구,천연동,1141010600,3,복합 밀집형,0.2574430823117338,0.3615733736762481,0.0927887039838628,0.36764577966498835,289
동대문구,답십리동,1123010500,3,복합 밀집형,0.2831391990758568,0.3510294936004451,0.0827490261547022,0.36763206073549337,290
서대문구,현저동,1141010900,3,복합 밀집형,0.2573763955342902,0.3615066605420303,0.0927882406982085,0.3675839297136658,291
서대문구,냉천동,1141010500,3,복합 밀집형,0.2574589339591016,0.3613899613899614,0.0926640926640926,0.36746221748549235,292
서대문구,영천동,1141010800,3,복합 밀집형,0.257343124165554,0.3615384615384615,0.0923076923076923,0.3671071958187565,293
서대문구,옥천동,1141010700,3,복합 밀집형,0.2565172054223149,0.3605769230769231,0.0913461538461538,0.3653528718350837,294
마포구,아현동,1144010100,3,복합 밀집형,0.3211906204032188,0.3594097432787548,0.0536688902365069,0.3628383974492813,295
도봉구,쌍문동,1132010500,3,복합 밀집형,0.2489684012296103,0.3439553429027113,0.0992982456140351,0.3627351988959495,296
중구,충무로2가,1114012500,3,복합 밀집형,0.2450980392156862,0.5384615384615384,0.0256410256410256,0.362684504573578,297
마포구,공덕동,1144010200,3,복합 밀집형,0.3130615289805715,0.3685165582942689,0.0529260547406623,0.3612043444287809,298
동대문구,장안동,1123010600,3,복합 밀집형,0.2731089436931469,0.3591884250789955,0.0782970231165807,0.360976732911961,299
성북구,돈암동,1129010300,3,복합 밀집형,0.2959643706112189,0.3750396045877954,0.0584563715860845,0.35989888798902225,300
성북구,정릉동,1129013300,3,복합 밀집형,0.2780519907864429,0.374892775892291,0.0679894081229254,0.3595316711951291,301
성북구,종암동,1129013500,3,복합 밀집형,0.2630698226768508,0.3754805903509859,0.0749100830956219,0.3584638503010285,302
서초구,우면동,1165010300,3,복합 밀집형,0.254360872735431,0.3231647861819194,0.0984816826856108,0.3569079312592328,303
중구,서소문동,1114016600,3,복합 밀집형,0.2727272727272727,0.5454545454545454,0.0,0.3551149712253864,304
은평구,신사동,1138010900,3,복합 밀집형,0.269266875279392,0.3263267973856209,0.0867450980392156,0.35464596278039895,305
마포구,도화동,1144010400,3,복합 밀집형,0.2974866942637492,0.3684866962305986,0.0545315964523281,0.35437259391670706,306
노원구,상계동,1135010500,3,복합 밀집형,0.2556604775560254,0.3082222606889389,0.0999711499624949,0.35336627267669046,307
마포구,상암동,1144012700,3,복합 밀집형,0.2662180990247052,0.3577083163306945,0.0747572023177997,0.35322923082970115,308
은평구,구산동,1138010500,3,복합 밀집형,0.2501852150104687,0.3011776092918212,0.1051782545571866,0.3528303549549673,309
강동구,강일동,1174011000,3,복합 밀집형,0.2265032107413893,0.2598838298669664,0.1317219411654487,0.35032337351453174,310
성북구,하월곡동,1129013600,3,복합 밀집형,0.2605124233097572,0.3385520493995235,0.0806631983274177,0.3486325259423996,311
노원구,중계동,1135010600,3,복합 밀집형,0.2027375497893307,0.2537440383972781,0.1451137640876089,0.34829646163208117,312
서대문구,홍은동,1141011800,3,복합 밀집형,0.2667450058754406,0.336024313799981,0.076502991737107,0.3469499378370471,313
성동구,금호동1가,1120010900,3,복합 밀집형,0.2554869684499314,0.2920147009689275,0.0993985967256932,0.34652721584916035,314
중구,회현동3가,1114012300,3,복합 밀집형,0.2142857142857142,0.6,0.0,0.3444322426261402,315
서대문구,북가좌동,1141011900,3,복합 밀집형,0.2547618046503805,0.3245508982035928,0.0844810379241517,0.34393228425765554,316
중랑구,신내동,1126010600,3,복합 밀집형,0.2364580012045204,0.2660221983530254,0.1167203723594701,0.34332906264944985,317
용산구,한남동,1117013100,3,복합 밀집형,0.2861507851915014,0.4360447066128531,0.0226637690158335,0.3428114684854812,318
종로구,사직동,1111011500,3,복합 밀집형,0.2745286033876637,0.4383954154727794,0.0279369627507163,0.3426126036086643,319
종로구,신문로2가,1111012100,3,복합 밀집형,0.2747559274755927,0.4375,0.028125,0.3425777218186254,320
종로구,내수동,1111011800,3,복합 밀집형,0.2745393004889056,0.4384485666104553,0.0278246205733558,0.3425285545858265,321
종로구,필운동,1111011300,3,복합 밀집형,0.2739443872296601,0.4387990762124711,0.0277136258660508,0.34223290828504105,322
구로구,고척동,1153010600,3,복합 밀집형,0.2745279383429672,0.3103718379947472,0.0759802792240704,0.34084374065417256,323
서대문구,홍제동,1141011100,3,복합 밀집형,0.2642859771129999,0.3262741046831955,0.0750688705234159,0.3404987848839804,324
종로구,체부동,1111011200,3,복합 밀집형,0.2739130434782608,0.4383116883116883,0.0259740259740259,0.3403252318188098,325
마포구,현석동,1144011200,3,복합 밀집형,0.3013361462728551,0.3714971977582065,0.0360288230584467,0.3394632118405781,326
강서구,공항동,1150010800,3,복합 밀집형,0.2623285341797982,0.3247721623860812,0.0756697045015189,0.3394595644745014,327
구로구,궁동,1153010900,3,복합 밀집형,0.2381744539273831,0.2928234677841802,0.0990047145102147,0.33711953969503305,328
구로구,온수동,1153011000,3,복합 밀집형,0.2381896652280415,0.2928752464094621,0.0988453956631934,0.33699136266505103,329
중구,남산동3가,1114013000,3,복합 밀집형,0.2,0.6,0.0,0.3367332050058428,330
도봉구,창동,1132010700,3,복합 밀집형,0.2580543521071288,0.3255482002482416,0.0738105088953247,0.3356301753982764,331
용산구,효창동,1117011900,3,복합 밀집형,0.3371804654711942,0.3306010928961748,0.0282331511839708,0.33553608113490047,332
마포구,마포동,1144010700,3,복합 밀집형,0.2844359220198146,0.3468917881811205,0.0506523407521105,0.3352972988325779,333
종로구,당주동,1111011700,3,복합 밀집형,0.2724137931034482,0.4341085271317829,0.0232558139534883,0.33524955610171137,334
종로구,통의동,1111010600,3,복합 밀집형,0.2741935483870967,0.4347826086956521,0.0217391304347826,0.3349795890135173,335
송파구,풍납동,1171010300,3,복합 밀집형,0.2738369213738457,0.3324753026297481,0.0617086406010852,0.3349193145547135,336
서대문구,남가좌동,1141012000,3,복합 밀집형,0.2567023686467703,0.3201874898981736,0.0753730941220839,0.3343873528670469,337
마포구,구수동,1144011300,3,복합 밀집형,0.3002309468822171,0.3684210526315789,0.031578947368421,0.3333329169650065,338
구로구,천왕동,1153011100,3,복합 밀집형,0.2272906533456027,0.2850146914789422,0.1038197845249755,0.3329930173389305,339
성동구,금호동2가,1120011000,3,복합 밀집형,0.2842454749919674,0.3045890065557236,0.064548663640948,0.3326712549172239,340
성동구,금호동3가,1120011100,3,복합 밀집형,0.2843112352891372,0.3045644807653976,0.064381104245565,0.3325331285828296,341
성동구,금호동4가,1120011200,3,복합 밀집형,0.2589171521955378,0.3121594005449591,0.0732288828337874,0.3304163042837639,342
은평구,증산동,1138011000,3,복합 밀집형,0.2676971608832807,0.3028211284513805,0.071578631452581,0.3299676138385765,343
강동구,암사동,1174010700,3,복합 밀집형,0.2603272015172775,0.3039685836196805,0.0733300607937167,0.3281499463990738,344
중구,남산동1가,1114012800,3,복합 밀집형,0.2352941176470588,0.5263157894736842,0.0,0.32763809803237776,345
마포구,염리동,1144010900,3,복합 밀집형,0.287785610719464,0.3336569972083991,0.0460007282437189,0.32749387274058567,346
송파구,장지동,1171010900,3,복합 밀집형,0.2967107956871844,0.319153828466314,0.0462175212692573,0.3269823161629696,347
은평구,수색동,1138010100,3,복합 밀집형,0.2970554819163037,0.2375799311362518,0.0764879488440728,0.3257063097909997,348
송파구,오금동,1171011200,3,복합 밀집형,0.2580645161290322,0.2698701123897974,0.084191399152029,0.32456340345544826,349
동작구,동작동,1159010600,3,복합 밀집형,0.2774108322324967,0.3174603174603174,0.0507936507936507,0.3204193367681077,350
종로구,평동,1111017700,3,복합 밀집형,0.2595222724338282,0.3343605546995377,0.0508474576271186,0.31728009412245034,351
종로구,행촌동,1111018100,3,복합 밀집형,0.2598967297762478,0.3345070422535211,0.0504694835680751,0.3171673832244083,352
강남구,삼성동,1168010500,3,복합 밀집형,0.27390320908534,0.3717484926787252,0.0278495549813379,0.3167589126062957,353
종로구,홍파동,1111017900,3,복합 밀집형,0.2598978288633461,0.3338414634146341,0.0503048780487804,0.3167526920421964,354
종로구,삼청동,1111014000,3,복합 밀집형,0.2362903225806451,0.3822393822393822,0.0444015444015444,0.3167121407928176,355
구로구,개봉동,1153010700,3,복합 밀집형,0.2490409246344482,0.2794288610009837,0.0772647330610784,0.3165595689982985,356
종로구,교북동,1111018000,3,복합 밀집형,0.2592592592592592,0.3333333333333333,0.0505050505050505,0.3164108238938728,357
종로구,송월동,1111017800,3,복합 밀집형,0.2594718714121699,0.3342465753424657,0.0493150684931506,0.3157076980238342,358
양천구,신정동,1147010100,3,복합 밀집형,0.2305667207296147,0.2705925406361502,0.0895520112225915,0.3152730065756048,359
종로구,팔판동,1111013900,3,복합 밀집형,0.2348754448398576,0.3846153846153846,0.0427350427350427,0.3152230751256184,360
종로구,원서동,1111014900,3,복합 밀집형,0.2342497136311569,0.3910171730515192,0.0396301188903566,0.314285803119326,361
종로구,가회동,1111014600,3,복합 밀집형,0.2344086021505376,0.3895781637717121,0.0397022332506203,0.31389301140941145,362
강동구,둔촌동,1174010600,3,복합 밀집형,0.2870180562185841,0.2830267123999584,0.0519696497245608,0.3136103630744025,363
종로구,교남동,1111017600,3,복합 밀집형,0.2585895117540687,0.3333333333333333,0.0476190476190476,0.3132215922788906,364
구로구,항동,1153011200,3,복합 밀집형,0.241166409411372,0.2584184227677601,0.0855963502063871,0.31246360383531735,365
종로구,계동,1111014800,3,복합 밀집형,0.2341463414634146,0.3896396396396396,0.0382882882882882,0.3123894623298369,366
동작구,흑석동,1159010500,3,복합 밀집형,0.2822481470402499,0.3197041131523329,0.0390180458462038,0.3123424133451701,367
중구,을지로2가,1114010500,3,복합 밀집형,0.2222222222222222,0.5,0.0,0.310551706028248,368
종로구,안국동,1111014100,3,복합 밀집형,0.2350597609561753,0.3809523809523809,0.0380952380952381,0.3093776796796842,369
종로구,화동,1111014300,3,복합 밀집형,0.233160621761658,0.382716049382716,0.037037037037037,0.3079901112699567,370
종로구,누상동,1111010900,3,복합 밀집형,0.2574193548387097,0.3349019607843137,0.0407843137254902,0.30649147072267136,371
종로구,재동,1111014700,3,복합 밀집형,0.2337662337662337,0.3939393939393939,0.0303030303030303,0.30599974783627254,372
종로구,누하동,1111011000,3,복합 밀집형,0.256551724137931,0.3355704697986577,0.0402684563758389,0.30577342421870923,373
종로구,신문로1가,1111012000,3,복합 밀집형,0.2666666666666666,0.4242424242424242,0.0,0.30559685863461805,374
종로구,내자동,1111011400,3,복합 밀집형,0.2666666666666666,0.4242424242424242,0.0,0.30559685863461805,374
종로구,청운동,1111010100,3,복합 밀집형,0.2571047957371226,0.3347732181425486,0.0399568034557235,0.30546185915966434,376
서초구,서초동,1165010800,3,복합 밀집형,0.2830467257252041,0.3509389989431181,0.0191593723747323,0.30522983237273293,377
종로구,옥인동,1111011100,3,복합 밀집형,0.2572050027188689,0.3346560846560846,0.0396825396825396,0.3052023899367602,378
종로구,신교동,1111010200,3,복합 밀집형,0.2571872571872572,0.3345935727788279,0.0396975425330812,0.3051836759397854,379
송파구,거여동,1171011300,3,복합 밀집형,0.2491373130845016,0.2501552657262,0.0768343536509626,0.3050195900564455,380
종로구,통인동,1111010800,3,복합 밀집형,0.2577319587628865,0.3333333333333333,0.039426523297491,0.30473075515192943,381
종로구,효자동,1111010400,3,복합 밀집형,0.2563176895306859,0.3333333333333333,0.0394736842105263,0.3040147770050281,382
종로구,창성동,1111010500,3,복합 밀집형,0.2576530612244898,0.3354037267080745,0.0372670807453416,0.30336199713596146,383
종로구,사간동,1111014400,3,복합 밀집형,0.2338709677419354,0.3653846153846153,0.0384615384615384,0.3031556608883979,384
종로구,소격동,1111014200,3,복합 밀집형,0.2338709677419354,0.3653846153846153,0.0384615384615384,0.3031556608883979,384
강남구,일원동,1168011400,3,복합 밀집형,0.2422130304623048,0.254231097041276,0.0763423840253257,0.3023609846901677,386
마포구,용강동,1144010500,3,복합 밀집형,0.2523245984784446,0.3260188087774294,0.0417972831765935,0.30134883674787283,387
종로구,궁정동,1111010300,3,복합 밀집형,0.2538860103626943,0.3291139240506329,0.0379746835443038,0.29962521219489996,388
중구,저동1가,1114013100,3,복합 밀집형,0.2,0.5,0.0,0.2985754252855631,389
서초구,내곡동,1165010900,3,복합 밀집형,0.2225130890052356,0.271763572116929,0.0761323482171538,0.2982282114893455,390
서초구,신원동,1165011100,3,복합 밀집형,0.2225327067191667,0.272013093289689,0.0759410801963993,0.29814655319469385,391
서초구,방배동,1165010100,3,복합 밀집형,0.2665701370905614,0.3162819270845639,0.0344729815939323,0.29813302896760313,392
마포구,토정동,1144010600,3,복합 밀집형,0.2506459948320413,0.3269230769230769,0.0384615384615384,0.2975202012905898,393
용산구,동빙고동,1117013200,3,복합 밀집형,0.2408869477574332,0.2747646795159121,0.0636485880770954,0.2970415545859853,394
용산구,서빙고동,1117013300,3,복합 밀집형,0.240932188540389,0.2744273024777933,0.0635811126694717,0.2968710748337783,395
서초구,염곡동,1165011000,3,복합 밀집형,0.2221074380165289,0.272,0.0746666666666666,0.2966634406450941,396
종로구,적선동,1111010700,3,복합 밀집형,0.2647058823529412,0.4,0.0,0.29528975713957184,397
용산구,주성동,1117013400,3,복합 밀집형,0.240049751243781,0.2724252491694352,0.0631229235880398,0.2951825361865995,398
강서구,외발산동,1150010700,3,복합 밀집형,0.2243589743589743,0.2035398230088495,0.0973451327433628,0.29397888027813635,399
강남구,청담동,1168010400,3,복합 밀집형,0.2718333333333333,0.337974025974026,0.0178701298701298,0.2929759658005505,400
종로구,부암동,1111018400,3,복합 밀집형,0.2481018858682341,0.3319502074688796,0.0314167160640189,0.29116341339736485,401
종로구,신영동,1111018600,3,복합 밀집형,0.248160141301148,0.3319088319088319,0.0313390313390313,0.29110289012568735,402
종로구,홍지동,1111018500,3,복합 밀집형,0.2482495225970719,0.3312788906009245,0.0308166409861325,0.290398746460399,403
은평구,진관동,1138011400,3,복합 밀집형,0.2355195035792385,0.2736224388303163,0.0587825740998607,0.2889443163779165,404
성동구,옥수동,1120011300,3,복합 밀집형,0.2720155008106291,0.2536419876272201,0.042905607663141,0.28542967660996815,405
송파구,가락동,1171010700,3,복합 밀집형,0.277880996042853,0.2545052165665507,0.0340499525766677,0.2802416304141955,406
양천구,목동,1147010200,3,복합 밀집형,0.2419818808182051,0.2542803613496818,0.0527184700142833,0.27910377303921935,407
강서구,내발산동,1150010600,3,복합 밀집형,0.2291873365202489,0.2121362229102167,0.0761609907120743,0.2791007783603968,408
중구,다동,1114010200,3,복합 밀집형,0.2105263157894736,0.4285714285714285,0.0,0.2769928434311463,409
강동구,상일동,1174010300,3,복합 밀집형,0.2232130738116567,0.2045067866459979,0.0787931490793602,0.27554934494244787,410
영등포구,문래동3가,1156012100,3,복합 밀집형,0.2792866736308014,0.267200304936154,0.0192490947207928,0.2713385190950198,411
영등포구,문래동6가,1156012400,3,복합 밀집형,0.2793332709055155,0.2671609662760105,0.0191341784262138,0.27123600315902185,412
영등포구,문래동5가,1156012300,3,복합 밀집형,0.2792130836691159,0.2669491525423729,0.0187651331719128,0.2707287425680917,413
영등포구,문래동4가,1156012200,3,복합 밀집형,0.2790942601369142,0.2664872139973082,0.0188425302826379,0.2705642883650116,414
영등포구,문래동2가,1156012000,3,복합 밀집형,0.2793136320305052,0.2658536585365854,0.0170731707317073,0.26870679198030273,415
송파구,잠실동,1171010100,3,복합 밀집형,0.2517798064253145,0.2826059927887604,0.0241452194454805,0.26719084138019533,416
중구,의주로2가,1114017200,3,복합 밀집형,0.25,0.3333333333333333,0.0,0.26192575742280466,417
영등포구,문래동1가,1156011900,3,복합 밀집형,0.2765151515151515,0.2621359223300971,0.0097087378640776,0.25856284970405635,418
종로구,무악동,1111018700,3,복합 밀집형,0.2051282051282051,0.2083921015514809,0.0684062059238364,0.2571061646484656,419
구로구,신도림동,1153010100,3,복합 밀집형,0.2769645287630899,0.2451518477863154,0.0128064398097328,0.25536003592248496,420
강남구,개포동,1168010300,3,복합 밀집형,0.2449552302698074,0.210849777423427,0.0406285296658029,0.25228592000192945,421
영등포구,여의도동,1156011000,3,복합 밀집형,0.2558914614363663,0.2772681723579742,0.0077854004470824,0.2513373300627458,422
중구,남대문로3가,1114011600,3,복합 밀집형,0.2,0.375,0.0,0.25087820063521343,423
강동구,명일동,1174010100,3,복합 밀집형,0.2388356969740599,0.2307144245093594,0.0323207461623162,0.2484261842513899,424
성북구,길음동,1129013400,3,복합 밀집형,0.2190746512318195,0.2064341770178265,0.0522841848136791,0.24807567835535274,425
성동구,응봉동,1120010800,3,복합 밀집형,0.2470963798138966,0.2148971043525769,0.0329630304134037,0.24747203619110655,426
서초구,반포동,1165010700,3,복합 밀집형,0.2289987177696809,0.260354609929078,0.0188652482269503,0.24124836382834816,427
강남구,압구정동,1168011000,3,복합 밀집형,0.2289348171701113,0.2582799386336973,0.0185001353668441,0.24006446660422967,428
강남구,신사동,1168010700,3,복합 밀집형,0.2289746001881467,0.2579487179487179,0.0184615384615384,0.23992169554434287,429
강남구,대치동,1168010600,3,복합 밀집형,0.2059943240811241,0.2475234787083494,0.0308761096101891,0.23572511472627328,430
중구,남대문로4가,1114011700,3,복합 밀집형,0.2,0.3333333333333333,0.0,0.23497912575176355,431
종로구,평창동,1111018300,3,복합 밀집형,0.2294585711814565,0.2337413006959443,0.0208783297336213,0.23331396580162553,432
종로구,구기동,1111018200,3,복합 밀집형,0.2293900509755669,0.2336585365853658,0.0204878048780487,0.23286274272115973,433
강동구,고덕동,1174010200,3,복합 밀집형,0.2085139287385792,0.1873039842025787,0.0462887675688233,0.22920899463677852,434
서초구,잠원동,1165010600,3,복합 밀집형,0.2327940015785319,0.2154349912493648,0.0163157003330886,0.22365488004305262,435
용산구,이촌동,1117012900,3,복합 밀집형,0.2323516806465438,0.1997422680412371,0.0176116838487972,0.218698567949883,436
강남구,도곡동,1168011800,3,복합 밀집형,0.2184158228447052,0.2020418244689609,0.0109226631538503,0.2055102988009464,437
중구,충무로1가,1114012400,3,복합 밀집형,0.1818181818181818,0.25,0.0,0.1933822008317579,438
광진구,광장동,1121510400,3,복합 밀집형,0.2110512608026518,0.1530804412160344,0.0204465967177831,0.19219217410863204,439
송파구,신천동,1171010200,3,복합 밀집형,0.2094161052293872,0.1189409368635437,0.0041547861507128,0.16231808418533222,440
중구,봉래동2가,1114012000,1,일반형,0.0,0.0,0.0,0.0,441
중구,삼각동,1114010700,1,일반형,0.0,0.0,0.0,0.0,441
종로구,도렴동,1111011600,1,일반형,0.0,0.0,0.0,0.0,441
중구,을지로1가,1114010400,1,일반형,0.0,0.0,0.0,0.0,441
중구,태평로1가,1114010300,1,일반형,0.0,0.0,0.0,0.0,441
중구,무교동,1114010100,1,일반형,0.0,0.0,0.0,0.0,441
중구,수하동,1114010800,1,일반형,0.0,0.0,0.0,0.0,441
중구,장교동,1114010900,1,일반형,0.0,0.0,0.0,0.0,441
용산구,용산동4가,1117010300,1,일반형,0.0,0.0,0.0,0.0,441
중구,충정로1가,1114017000,1,일반형,0.0,0.0,0.0,0.0,441
종로구,훈정동,1111015000,1,일반형,0.0,0.0,0.0,0.0,441
중구,수표동,1114011000,1,일반형,0.0,0.0,0.0,0.0,441
중구,소공동,1114011100,1,일반형,0.0,0.0,0.0,0.0,441
용산구,용산동6가,1117013500,1,일반형,0.0,0.0,0.0,0.0,441
중구,남대문로2가,1114011500,1,일반형,0.0,0.0,0.0,0.0,441
종로구,송현동,1111014500,1,일반형,0.0,0.0,0.0,0.0,441
영등포구,양평동,1156013400,1,일반형,0.0,0.0,0.0,0.0,441
강서구,오쇠동,1150011300,1,일반형,0.0,0.0,0.0,0.0,441
강서구,오곡동,1150011200,1,일반형,0.0,0.0,0.0,0.0,441
용산구,용산동1가,1117010600,1,일반형,0.0,0.0,0.0,0.0,441
강서구,과해동,1150011100,1,일반형,0.0,0.0,0.0,0.0,441
종로구,공평동,1111012700,1,일반형,0.0,0.0,0.0,0.0,441
종로구,서린동,1111012300,1,일반형,0.0,0.0,0.0,0.0,441
종로구,세종로,1111011900,1,일반형,0.0,0.0,0.0,0.0,441
중구,남대문로1가,1114010600,1,일반형,0.0,0.0,0.0,0.0,441
영등포구,양화동,1156013100,1,일반형,0.0,0.0,0.0,0.0,441
중구,명동1가,1114012600,1,일반형,0.0,0.0,0.0,0.0,441
용산구,갈월동,1117010400,2,저소득 밀집형,0.2715867158671586,0.6727272727272727,0.3571428571428571,0.7530647348299185,1
용산구,동자동,1117010700,2,저소득 밀집형,0.2713538640325392,0.6722903885480572,0.3568507157464212,0.7524862395062453,2
용산구,남영동,1117010500,2,저소득 밀집형,0.2705479452054795,0.6716867469879518,0.3554216867469879,0.7504211189142048,3
종로구,청진동,1111012200,2,저소득 밀집형,0.2941176470588235,0.7333333333333333,0.2333333333333333,0.6669999826803323,5
종로구,경운동,1111013400,2,저소득 밀집형,0.290983606557377,0.7152777777777778,0.2291666666666666,0.6543380135301453,6
종로구,관철동,1111013500,2,저소득 밀집형,0.2915360501567398,0.7142857142857143,0.2275132275132275,0.6526368236416091,7
종로구,낙원동,1111013700,2,저소득 밀집형,0.289871944121071,0.7151277013752456,0.2278978388998035,0.6524381853312556,8
종로구,관수동,1111015500,2,저소득 밀집형,0.2898936170212766,0.7130044843049327,0.2286995515695067,0.6524253714880731,9
종로구,원남동,1111015900,2,저소득 밀집형,0.2898876404494382,0.7159090909090909,0.2272727272727272,0.6521321960973849,10
종로구,종로3가,1111015600,2,저소득 밀집형,0.2916666666666667,0.7183098591549296,0.2253521126760563,0.6521248489356646,11
종로구,인의동,1111015700,2,저소득 밀집형,0.2907930720145852,0.7142857142857143,0.227342549923195,0.6520691444366518,12
종로구,권농동,1111013100,2,저소득 밀집형,0.288135593220339,0.7142857142857143,0.2285714285714285,0.6518412434670776,13
종로구,익선동,1111013300,2,저소득 밀집형,0.2903865213082259,0.7145242070116862,0.2270450751252087,0.6516495192208531,14
종로구,돈의동,1111015300,2,저소득 밀집형,0.2902374670184696,0.7133333333333334,0.2266666666666666,0.6507439377556482,15
종로구,견지동,1111012900,2,저소득 밀집형,0.2869565217391304,0.7132352941176471,0.2279411764705882,0.6501873392960265,16
종로구,예지동,1111015800,2,저소득 밀집형,0.2903225806451613,0.7222222222222222,0.2222222222222222,0.6498260553528682,17
종로구,수송동,1111012400,2,저소득 밀집형,0.2879377431906614,0.7171052631578947,0.2236842105263158,0.6480210191931028,18
종로구,봉익동,1111015200,2,저소득 밀집형,0.2884615384615384,0.7096774193548387,0.2258064516129032,0.647548805546329,19
종로구,종로1가,1111012600,2,저소득 밀집형,0.2897196261682243,0.7142857142857143,0.2222222222222222,0.6464727082928845,20
종로구,인사동,1111013600,2,저소득 밀집형,0.2837837837837837,0.7045454545454546,0.2272727272727272,0.6445065172186906,21
종로구,장사동,1111015400,2,저소득 밀집형,0.2857142857142857,0.7297297297297297,0.2162162162162162,0.6443213071215039,22
종로구,운니동,1111013200,2,저소득 밀집형,0.2857142857142857,0.7157894736842105,0.2210526315789473,0.6437417019826883,23
종로구,관훈동,1111012800,2,저소득 밀집형,0.2875,0.723404255319149,0.2127659574468085,0.6394887726381695,36
종로구,묘동,1111015100,2,저소득 밀집형,0.2727272727272727,0.6923076923076923,0.2307692307692307,0.6373047176677552,37
종로구,종로2가,1111013800,2,저소득 밀집형,0.2807017543859649,0.7058823529411765,0.2058823529411764,0.6223930748990474,39
종로구,종로4가,1111016100,2,저소득 밀집형,0.2857142857142857,0.6923076923076923,0.1538461538461538,0.5689192273925011,49
강남구,수서동,1168011500,2,저소득 밀집형,0.2207397938803227,0.4200238989416183,0.2738135882553772,0.5475729890376345,67
중구,남창동,1114011200,2,저소득 밀집형,0.223826714801444,0.5038759689922481,0.2015503875968992,0.5104147829943217,98
강북구,번동,1130510200,2,저소득 밀집형,0.2446769887880406,0.4445747036602839,0.212409361295645,0.5096654240895253,99
중구,남대문로5가,1114011800,2,저소득 밀집형,0.2224669603524229,0.5,0.2028301886792453,0.509457188298916,100
강서구,가양동,1150010400,2,저소득 밀집형,0.3205073130817224,0.4676213936787608,0.1584484990188301,0.5064453206330617,102
동대문구,청량리동,1123010700,2,저소득 밀집형,0.2343420126671358,0.4615644724977457,0.1839495040577096,0.4826878266671515,118
중구,회현동1가,1114012100,2,저소득 밀집형,0.233207327711544,0.5177020708082832,0.1523046092184369,0.47248517207703455,128
중구,회현동2가,1114012200,2,저소득 밀집형,0.2329873125720876,0.5186170212765957,0.151595744680851,0.472021036275949,133
광진구,화양동,1121510700,0,청년 밀집형,0.6494318181818182,0.7862092663650421,0.0365958421625336,0.6858639253192829,4
영등포구,영등포동3가,1156010400,0,청년 밀집형,0.551170568561873,0.7111574556830031,0.0750782064650677,0.6419823437187346,24
영등포구,영등포동5가,1156010600,0,청년 밀집형,0.5510373443983403,0.711139896373057,0.0751295336787564,0.641954145296052,25
영등포구,영등포동7가,1156010800,0,청년 밀집형,0.5510086455331412,0.711300831273871,0.075039317007414,0.6419116753880841,26
서대문구,창천동,1141011600,0,청년 밀집형,0.6019988791331964,0.7690885072655218,0.0244385733157199,0.6418537415534078,27
영등포구,영등포동8가,1156010900,0,청년 밀집형,0.5511458915595304,0.7111111111111111,0.0749455337690631,0.6418213411751379,28
영등포구,영등포동2가,1156010300,0,청년 밀집형,0.5509838998211091,0.7112970711297071,0.0748489074848907,0.6417103029967327,29
서대문구,봉원동,1141011500,0,청년 밀집형,0.6016713091922006,0.7707509881422925,0.0237154150197628,0.6416028740832892,30
영등포구,영등포동1가,1156010200,0,청년 밀집형,0.5509045760908123,0.7112831858407079,0.0746681415929203,0.6414851039577504,31
서대문구,대신동,1141011300,0,청년 밀집형,0.6015574302401038,0.7695133149678605,0.0238751147842056,0.6412257381653418,32
영등포구,영등포동6가,1156010700,0,청년 밀집형,0.5509433962264151,0.7114252061248527,0.0742049469964664,0.6411062864783178,33
서대문구,신촌동,1141011400,0,청년 밀집형,0.6014150943396226,0.7696160267111853,0.023372287145242,0.6406954501382456,34
영등포구,영등포동4가,1156010500,0,청년 밀집형,0.5508735868448099,0.7115384615384616,0.0737179487179487,0.6406346213627506,35
금천구,가산동,1154510100,0,청년 밀집형,0.5528844221105528,0.7452151009657595,0.0486391571553994,0.6299913682664559,38
영등포구,영등포동,1156010100,0,청년 밀집형,0.4973315543695797,0.6660682226211849,0.0802375362518989,0.6008178349811035,40
성동구,사근동,1120010600,0,청년 밀집형,0.5444512568976089,0.713472485768501,0.0275142314990512,0.5926317560025239,41
성북구,안암동1가,1129012100,0,청년 밀집형,0.5087765260675924,0.7078288942695722,0.0391444713478611,0.5826496452090842,42
성북구,안암동3가,1129012300,0,청년 밀집형,0.5086633663366337,0.7075867327487609,0.0392680137247426,0.5826173278069467,43
성북구,안암동5가,1129012500,0,청년 밀집형,0.5087073828795683,0.7075935020778239,0.0389119758216849,0.5822947156390204,44
성북구,안암동4가,1129012400,0,청년 밀집형,0.5093167701863354,0.7081339712918661,0.0382775119617224,0.5822075908144164,45
성북구,안암동2가,1129012200,0,청년 밀집형,0.5087271179225202,0.7075409836065574,0.0386885245901639,0.5820663294082205,46
성동구,용답동,1120012200,0,청년 밀집형,0.4085201793721973,0.6265625,0.1177083333333333,0.5746013613011492,47
서대문구,대현동,1141011200,0,청년 밀집형,0.5096650136625848,0.6821127673363577,0.0351587815942968,0.5694098011421584,48
구로구,가리봉동,1153010300,0,청년 밀집형,0.3527526610964862,0.6469461995022018,0.1278958452996362,0.5623081546993471,50
동대문구,회기동,1123010800,0,청년 밀집형,0.475901847687946,0.68341478313989,0.0445937690897984,0.560956837258649,51
중구,입정동,1114015600,0,청년 밀집형,0.431686978832585,0.6519174041297935,0.0737463126843657,0.5536787937724146,52
종로구,와룡동,1111013000,0,청년 밀집형,0.3404255319148936,0.6574074074074074,0.1203703703703703,0.5522814617448611,53
중구,광희동2가,1114014600,0,청년 밀집형,0.4250614250614251,0.6895874263261297,0.0609037328094302,0.5518963824434737,54
중구,을지로5가,1114015100,0,청년 밀집형,0.430952380952381,0.6496350364963503,0.072992700729927,0.5516734544730048,55
중구,인현동2가,1114013400,0,청년 밀집형,0.4242144177449168,0.6883308714918759,0.0605612998522895,0.5506248448361443,56
중구,주교동,1114015200,0,청년 밀집형,0.4297520661157025,0.6560509554140127,0.0700636942675159,0.5506043115116099,57
중구,쌍림동,1114014700,0,청년 밀집형,0.4239713774597495,0.6885714285714286,0.06,0.5500355798805052,58
중구,오장동,1114015400,0,청년 밀집형,0.4245142002989536,0.6873508353221957,0.0596658711217183,0.5495349272386795,59
성북구,동선동2가,1129011700,0,청년 밀집형,0.4788273615635179,0.6521739130434783,0.0434782608695652,0.5495194717058038,60
중구,을지로4가,1114015000,0,청년 밀집형,0.4285714285714285,0.6463414634146342,0.073170731707317,0.549307997532683,61
성북구,동소문동7가,1129011000,0,청년 밀집형,0.4795144157814871,0.6506329113924051,0.0430379746835443,0.5488702551669941,62
성북구,동선동3가,1129011800,0,청년 밀집형,0.4781553398058252,0.6531440162271805,0.0425963488843813,0.5486631933406309,63
성북구,동소문동6가,1129010900,0,청년 밀집형,0.4781021897810219,0.6524390243902439,0.0426829268292682,0.5484503862116021,64
중구,광희동1가,1114014500,0,청년 밀집형,0.4240687679083094,0.684931506849315,0.0593607305936073,0.5480726694404381,65
중구,저동2가,1114016100,0,청년 밀집형,0.4311111111111111,0.6506849315068494,0.0684931506849315,0.5477500569167573,66
중구,산림동,1114015700,0,청년 밀집형,0.4253731343283582,0.6551724137931034,0.0689655172413793,0.546832916809815,68
성북구,동선동4가,1129011900,0,청년 밀집형,0.4789473684210526,0.6510263929618768,0.0410557184750733,0.5467721875859781,69
성북구,동선동1가,1129011600,0,청년 밀집형,0.4776119402985074,0.655,0.04,0.5465341179061354,70
종로구,충신동,1111016700,0,청년 밀집형,0.3818306010928962,0.649643705463183,0.094418052256532,0.5462002766763556,71
종로구,연지동,1111016000,0,청년 밀집형,0.3824884792626728,0.6492985971943888,0.094188376753507,0.5461980610448959,72
성북구,동선동5가,1129012000,0,청년 밀집형,0.4779541446208112,0.65,0.0411764705882352,0.545963595173179,73
중구,을지로3가,1114015500,0,청년 밀집형,0.4278606965174129,0.648854961832061,0.0687022900763358,0.5455049832261886,74
중구,초동,1114015900,0,청년 밀집형,0.4242424242424242,0.6511627906976745,0.0697674418604651,0.5454794432239038,75
종로구,종로6가,1111016400,0,청년 밀집형,0.3816964285714285,0.6498054474708171,0.0933852140077821,0.5451775024012416,76
종로구,종로5가,1111016300,0,청년 밀집형,0.3811659192825112,0.6484375,0.09375,0.5447271055228812,77
종로구,효제동,1111016200,0,청년 밀집형,0.3813559322033898,0.6484210526315789,0.0926315789473684,0.5437271811045234,78
중구,을지로6가,1114014800,0,청년 밀집형,0.4228187919463087,0.6881720430107527,0.053763440860215,0.5431501893150373,79
중구,방산동,1114015300,0,청년 밀집형,0.4186046511627907,0.6428571428571429,0.0714285714285714,0.54089971950088,80
중구,인현동1가,1114016000,0,청년 밀집형,0.430379746835443,0.6470588235294118,0.0588235294117647,0.5364960296995279,81
용산구,서계동,1117010800,0,청년 밀집형,0.395578947368421,0.5880562951692658,0.0977558006846709,0.5333803142440039,82
용산구,청파동2가,1117011000,0,청년 밀집형,0.3954489544895448,0.5877777777777777,0.0977777777777777,0.5332255183379832,83
용산구,청파동1가,1117010900,0,청년 밀집형,0.3956743002544529,0.5878447395301328,0.0975485188968335,0.5331478419391305,84
용산구,청파동3가,1117011100,0,청년 밀집형,0.3955202721859938,0.5876024590163934,0.0973360655737704,0.5327641780652353,85
중구,충무로4가,1114013200,0,청년 밀집형,0.4137453874538745,0.6679418515684774,0.0558530986993114,0.5325887083326176,86
관악구,신림동,1162010200,0,청년 밀집형,0.4042989294252156,0.5980923827579618,0.0878709051629116,0.5322221477205593,87
중구,충무로5가,1114013300,0,청년 밀집형,0.4125295508274231,0.6686274509803921,0.0549019607843137,0.5312629486543788,88
종로구,숭인동,1111017500,0,청년 밀집형,0.3804581698519175,0.6009857734961354,0.0903999103842276,0.522956063162178,89
중구,을지로7가,1114014900,0,청년 밀집형,0.4130434782608695,0.6896551724137931,0.0344827586206896,0.5195528144238729,90
마포구,서교동,1144012000,0,청년 밀집형,0.4634282871003856,0.6305330669750815,0.0284933235201345,0.5182775029783189,91
마포구,동교동,1144012100,0,청년 밀집형,0.4634146341463415,0.6306037059175135,0.0280932456664674,0.5179050229112981,92
광진구,군자동,1121510900,0,청년 밀집형,0.4020502963318917,0.6102433708681438,0.0689248092989466,0.517079659296212,93
중구,흥인동,1114016300,0,청년 밀집형,0.3426294820717131,0.6013986013986014,0.1048951048951049,0.516931765420245,94
마포구,노고산동,1144011000,0,청년 밀집형,0.4510137530129023,0.618521247850651,0.0356177843281749,0.5139854335398399,95
중구,장충동1가,1114014300,0,청년 밀집형,0.4134831460674157,0.6301369863013698,0.0502283105022831,0.5125095882463623,96
성동구,송정동,1120011800,0,청년 밀집형,0.3458864817439427,0.5548864634299335,0.1162965750846819,0.5121125104671591,97
중구,황학동,1114016500,0,청년 밀집형,0.416151438821464,0.5616607289668403,0.0713894217593861,0.5085564878845984,101
중구,묵정동,1114013600,0,청년 밀집형,0.4057031756318859,0.6272251308900524,0.0492146596858638,0.5062122311178916,103
중구,장충동2가,1114014400,0,청년 밀집형,0.4054280917739227,0.6270343580470162,0.0492766726943942,0.5060519575170558,104
광진구,능동,1121510200,0,청년 밀집형,0.4203430248555443,0.5851514164767176,0.0538912406382285,0.5026307776802191,105
관악구,봉천동,1162010100,0,청년 밀집형,0.4097233597233597,0.5668148546553159,0.0651214777339843,0.5009163010702409,106
종로구,연건동,1111016600,0,청년 밀집형,0.4,0.5844845908607864,0.0626992561105207,0.5000446670362764,107
종로구,동숭동,1111016800,0,청년 밀집형,0.3998339789706696,0.5841432225063938,0.0629156010230179,0.5000369523152793,108
종로구,이화동,1111016500,0,청년 밀집형,0.4,0.5843575418994413,0.0625698324022346,0.49986935273934896,109
강서구,등촌동,1150010200,0,청년 밀집형,0.3651170254223689,0.5009028937745474,0.113651753871157,0.49928562163038703,110
동작구,노량진동,1159010100,0,청년 밀집형,0.3789699171090621,0.553690881351954,0.0820913038375777,0.49596488001323774,111
중구,필동3가,1114013900,0,청년 밀집형,0.3908296943231441,0.6196078431372549,0.0470588235294117,0.49317711935334063,112
중구,필동2가,1114013800,0,청년 밀집형,0.3915211970074813,0.6188340807174888,0.0448430493273542,0.49108308343831897,114
중구,충무로3가,1114015800,0,청년 밀집형,0.3934426229508196,0.6176470588235294,0.0441176470588235,0.49095476715919684,115
중구,필동1가,1114013700,0,청년 밀집형,0.382716049382716,0.6222222222222222,0.0444444444444444,0.487239908827981,116
은평구,대조동,1138010600,0,청년 밀집형,0.3692381092190252,0.5055415263748597,0.0954685746352413,0.48545709173192975,117
강남구,논현동,1168010800,0,청년 밀집형,0.3868361967981257,0.5694583068687052,0.05258143544143,0.4773011033093058,120
중구,무학동,1114016400,0,청년 밀집형,0.3181818181818182,0.5833333333333334,0.0833333333333333,0.47573228021431757,123
동대문구,용두동,1123010200,0,청년 밀집형,0.3652629469525636,0.526374546469439,0.0782584426458275,0.47439823563053624,125
동대문구,신설동,1123010100,0,청년 밀집형,0.3652386117136659,0.526176626123744,0.0782654680063458,0.4743164834199281,126
종로구,명륜2가,1111017100,0,청년 밀집형,0.3989983305509182,0.588762701733413,0.0334728033472803,0.4724953430972561,127
종로구,혜화동,1111016900,0,청년 밀집형,0.3990491283676703,0.5885357548240636,0.0334846765039727,0.47244775749021733,129
종로구,명륜3가,1111017300,0,청년 밀집형,0.3990256864481842,0.5885850178359097,0.0332936979785969,0.4722667625914918,130
종로구,명륜1가,1111017000,0,청년 밀집형,0.3989625088422542,0.5884339383706205,0.0333474039679189,0.4722276974179226,131
마포구,연남동,1144012400,0,청년 밀집형,0.4100382815823054,0.5530806304546046,0.0409013937736094,0.4721096654390401,132
송파구,삼전동,1171010600,0,청년 밀집형,0.3817022610876912,0.5093020097772949,0.0730581205866377,0.4716471019273544,134
종로구,명륜4가,1111017200,0,청년 밀집형,0.3985330073349633,0.5886214442013129,0.0328227571115973,0.47155361918218325,135
중구,예관동,1114013500,0,청년 밀집형,0.4,0.6666666666666666,0.0,0.4699582515035271,136
송파구,석촌동,1171010500,0,청년 밀집형,0.3857594103711503,0.5118130293574477,0.0633636884671718,0.4652912379179216,138
영등포구,당산동3가,1156011300,0,청년 밀집형,0.412041708711739,0.5132551064754455,0.0480225988700565,0.4649716229798759,139
영등포구,당산동1가,1156011100,0,청년 밀집형,0.4120171673819742,0.5130484657298537,0.047892170920562,0.46475172794537833,140
영등포구,당산동2가,1156011200,0,청년 밀집형,0.412084921066957,0.5130098452883263,0.0478199718706047,0.4647027508452868,141
관악구,남현동,1162010300,0,청년 밀집형,0.4212029473924716,0.5255265189105744,0.0334105193516374,0.4602715740649926,142
용산구,문배동,1117012200,0,청년 밀집형,0.413781163434903,0.5091284877712711,0.0430589045814674,0.4594700254166949,143
용산구,원효로2가,1117011300,0,청년 밀집형,0.4134396355353075,0.5090702947845805,0.0430839002267573,0.4592882554670893,144
용산구,원효로1가,1117011200,0,청년 밀집형,0.413782991202346,0.5090431738623103,0.042882147024504,0.4592652341609401,145
동작구,본동,1159010400,0,청년 밀집형,0.3714083843617522,0.4991723811775833,0.0699929061243792,0.459230244294761,146
용산구,신계동,1117012300,0,청년 밀집형,0.4137931034482758,0.5085756897837435,0.0425055928411633,0.45872327933566803,147
중구,남학동,1114014000,0,청년 밀집형,0.4,0.625,0.0,0.4540591766200772,152
마포구,합정동,1144012200,0,청년 밀집형,0.4036433963441262,0.4978250362493958,0.0462783953600773,0.4528484067319875,153
동대문구,휘경동,1123010900,0,청년 밀집형,0.3869952525737451,0.5250535555671665,0.0438894404096347,0.4519248013391826,155
서대문구,연희동,1141011700,0,청년 밀집형,0.3792847162350982,0.5255984423319208,0.0442102851906998,0.4482916862619724,156
중구,예장동,1114014200,0,청년 밀집형,0.3258258258258258,0.5962145110410094,0.0441640378548895,0.4463811472299894,158
영등포구,양평동1가,1156012500,0,청년 밀집형,0.4138858988159311,0.503426462836057,0.0300474433315761,0.4445994725921368,160
중구,주자동,1114014100,0,청년 밀집형,0.4,0.6,0.0,0.44451973169000725,161
영등포구,양평동2가,1156012600,0,청년 밀집형,0.4139275766016713,0.5034558021098581,0.0298290287377228,0.44441908302445327,162
강남구,역삼동,1168010100,0,청년 밀집형,0.3552788505224897,0.5479286277158617,0.0412585838117753,0.4409821774345179,163
동작구,상도1동,1159010300,0,청년 밀집형,0.3670150987224158,0.483503299340132,0.047990401919616,0.42932113144339057,170
영등포구,양평동3가,1156012700,0,청년 밀집형,0.4130668964774319,0.4668139149641082,0.0268360022087244,0.4270403378377168,172
영등포구,당산동5가,1156011500,0,청년 밀집형,0.4050404333830572,0.4961139896373057,0.0140867875647668,0.4214006425458081,181
영등포구,당산동4가,1156011400,0,청년 밀집형,0.4050706566916043,0.4961426367220984,0.0140579461683524,0.4213995973960995,182
영등포구,당산동6가,1156011600,0,청년 밀집형,0.4048679133273968,0.4960195958358849,0.0140845070422535,0.4212694123670144,183
영등포구,당산동,1156011700,0,청년 밀집형,0.4049945711183496,0.4961433192336402,0.0139338143816869,0.42123720367805845,184
용산구,한강로1가,1117012400,0,청년 밀집형,0.3787128712871287,0.4533678756476684,0.0343264248704663,0.4107357367183392,198
용산구,한강로3가,1117012800,0,청년 밀집형,0.3785588309397833,0.4533227848101265,0.0342827004219409,0.4105926637262731,199
용산구,한강로2가,1117012500,0,청년 밀집형,0.3785744176314688,0.4534306569343065,0.0341605839416058,0.4105225513598653,200
용산구,용산동5가,1117012700,0,청년 밀집형,0.3785310734463277,0.4531392174704277,0.0336669699727024,0.4099042432458535,202
영등포구,양평동6가,1156013000,0,청년 밀집형,0.412270302311796,0.4281170483460559,0.0235368956743002,0.40861203771976046,205
영등포구,양평동4가,1156012800,0,청년 밀집형,0.4122108456579446,0.4279315960912052,0.023615635179153,0.40858639484058934,206
영등포구,양평동5가,1156012900,0,청년 밀집형,0.4121871599564744,0.4280373831775701,0.0233644859813084,0.4083678696326216,207
중구,정동,1114016700,0,청년 밀집형,0.3046875,0.55893536121673,0.0304182509505703,0.40729324658879534,208
용산구,용산동3가,1117012600,0,청년 밀집형,0.3769230769230769,0.4516129032258064,0.032258064516129,0.4070745064703027,209
중구,의주로1가,1114016900,0,청년 밀집형,0.3039647577092511,0.5603448275862069,0.0258620689655172,0.40297649990990175,223
중구,북창동,1114011300,0,청년 밀집형,0.3037974683544304,0.5555555555555556,0.0246913580246913,0.39991156562369473,228
중구,태평로2가,1114011400,0,청년 밀집형,0.3050847457627119,0.5666666666666667,0.0,0.38064754386533883,269
종로구,중학동,1111012500,0,청년 밀집형,0.3333333333333333,0.5,0.0,0.3704331097416727,283
