구분,자치구명,법정동코드,법정동명,2023_m2당_월환산임대료,2024_m2당_월환산임대료,2025_m2당_월환산임대료,2023_거래건수,2024_거래건수,2025_거래건수,전체_거래건수,2023_2024_거래건수합계,2024_2025_거래건수합계,2023→2024_상승률(%),2024→2025_상승률(%),2023→2025_상승률(%),2023_소표본여부,2024_소표본여부,2025_소표본여부,전체_소표본여부,신뢰도
전세,마포구,1144011200,현석동,2.201,3.5884,3.5663,15.0,20.0,30.0,65.0,35.0,50.0,63.04,-0.61,62.03,False,False,False,False,보통
전세,종로구,1111017500,숭인동,1.9201,1.8639,3.0982,45.0,75.0,78.0,198.0,120.0,153.0,-2.92,66.22,61.36,False,False,False,False,보통
전세,서대문구,1141010700,옥천동,1.6332,1.716,2.5257,5.0,7.0,4.0,16.0,12.0,11.0,5.07,47.18,54.65,False,False,False,False,보통
전세,종로구,1111011100,옥인동,2.0174,2.4836,2.8543,23.0,10.0,39.0,72.0,33.0,49.0,23.11,14.92,41.49,False,False,False,False,보통
전세,종로구,1111018500,홍지동,1.2337,1.3934,1.7004,4.0,9.0,8.0,21.0,13.0,17.0,12.95,22.03,37.84,False,False,False,False,보통
전세,용산구,1117013100,한남동,3.9138,4.3703,5.1294,88.0,59.0,141.0,288.0,147.0,200.0,11.66,17.37,31.06,False,False,False,False,보통
전세,용산구,1117013200,동빙고동,1.8337,2.1242,2.3897,47.0,39.0,103.0,189.0,86.0,142.0,15.84,12.5,30.32,False,False,False,False,보통
전세,성북구,1129013400,길음동,1.6767,2.1628,2.1799,13.0,34.0,19.0,66.0,47.0,53.0,29.0,0.79,30.01,False,False,False,False,보통
전세,성북구,1129011700,동선동2가,2.5276,1.8879,3.2506,4.0,4.0,2.0,10.0,8.0,6.0,-25.31,72.18,28.6,False,False,True,False,보통
전세,종로구,1111015500,관수동,5.5819,7.0127,7.1759,3.0,3.0,4.0,10.0,6.0,7.0,25.63,2.33,28.56,False,False,False,False,보통
전세,종로구,1111011800,내수동,2.4849,2.5272,3.1427,1.0,1.0,4.0,6.0,2.0,5.0,1.7,24.35,26.47,True,True,False,False,보통
전세,동작구,1159010100,노량진동,3.0486,2.8247,3.8308,142.0,124.0,322.0,588.0,266.0,446.0,-7.34,35.62,25.66,False,False,False,False,보통
전세,성북구,1129011800,동선동3가,2.4559,2.451,3.0848,13.0,16.0,18.0,47.0,29.0,34.0,-0.2,25.86,25.6,False,False,False,False,보통
전세,성동구,1120011300,옥수동,2.3624,2.4386,2.9661,21.0,13.0,21.0,55.0,34.0,34.0,3.23,21.63,25.56,False,False,False,False,보통
전세,용산구,1117013300,서빙고동,2.8192,4.4425,3.5327,19.0,24.0,36.0,79.0,43.0,60.0,57.58,-20.48,25.31,False,False,False,False,보통
전세,서대문구,1141011400,신촌동,1.91,2.4939,2.3837,3.0,4.0,6.0,13.0,7.0,10.0,30.57,-4.42,24.8,False,False,False,False,보통
전세,서초구,1165011100,신원동,2.7822,1.1265,3.4199,7.0,4.0,8.0,19.0,11.0,12.0,-59.51,203.58,22.92,False,False,False,False,보통
전세,종로구,1111010100,청운동,2.9835,2.7119,3.626,9.0,11.0,21.0,41.0,20.0,32.0,-9.1,33.71,21.54,False,False,False,False,보통
전세,성북구,1129011100,삼선동1가,1.5626,1.5518,1.8956,14.0,13.0,24.0,51.0,27.0,37.0,-0.69,22.15,21.31,False,False,False,False,보통
전세,용산구,1117010700,동자동,1.7187,2.2959,2.0803,10.0,9.0,17.0,36.0,19.0,26.0,33.58,-9.39,21.04,False,False,False,False,보통
전세,마포구,1144011300,구수동,2.7603,3.2486,3.3363,41.0,11.0,57.0,109.0,52.0,68.0,17.69,2.7,20.87,False,False,False,False,보통
전세,종로구,1111010800,통인동,2.1269,,2.5649,7.0,0.0,8.0,15.0,7.0,8.0,,,20.59,False,True,False,False,보통
전세,성동구,1120011100,금호동3가,1.8957,2.1573,2.2653,48.0,87.0,120.0,255.0,135.0,207.0,13.8,5.01,19.5,False,False,False,False,보통
전세,종로구,1111018600,신영동,1.9835,2.2736,2.3655,49.0,74.0,77.0,200.0,123.0,151.0,14.62,4.04,19.26,False,False,False,False,보통
전세,동대문구,1123010700,청량리동,1.8454,2.1016,2.1933,32.0,38.0,50.0,120.0,70.0,88.0,13.89,4.36,18.86,False,False,False,False,보통
전세,용산구,1117012500,한강로2가,3.435,4.1718,4.0777,24.0,24.0,31.0,79.0,48.0,55.0,21.45,-2.26,18.71,False,False,False,False,보통
전세,마포구,1144010400,도화동,3.6583,4.3614,4.2753,39.0,63.0,133.0,235.0,102.0,196.0,19.22,-1.98,16.86,False,False,False,False,보통
전세,성동구,1120011000,금호동2가,1.8749,2.1919,2.1772,15.0,19.0,31.0,65.0,34.0,50.0,16.91,-0.67,16.13,False,False,False,False,보통
전세,종로구,1111011200,체부동,1.9626,2.7914,2.2763,2.0,3.0,5.0,10.0,5.0,8.0,42.23,-18.45,15.99,True,False,False,False,보통
전세,용산구,1117012600,용산동3가,3.8037,3.7442,4.4066,5.0,3.0,6.0,14.0,8.0,9.0,-1.56,17.69,15.85,False,False,False,False,보통
전세,광진구,1121510400,광장동,2.8839,2.8462,3.3402,75.0,64.0,165.0,304.0,139.0,229.0,-1.31,17.36,15.82,False,False,False,False,보통
전세,동작구,1159010600,동작동,2.0788,2.1116,2.4034,15.0,24.0,23.0,62.0,39.0,47.0,1.58,13.82,15.62,False,False,False,False,보통
전세,마포구,1144012100,동교동,2.734,3.0689,3.1605,17.0,18.0,42.0,77.0,35.0,60.0,12.25,2.99,15.6,False,False,False,False,보통
전세,은평구,1138010100,수색동,2.5595,2.5505,2.9517,111.0,64.0,138.0,313.0,175.0,202.0,-0.35,15.73,15.32,False,False,False,False,보통
전세,중구,1114014400,장충동2가,1.6896,1.7183,1.9473,39.0,39.0,50.0,128.0,78.0,89.0,1.7,13.32,15.25,False,False,False,False,보통
전세,성북구,1129011300,삼선동3가,1.853,2.1634,2.1337,18.0,15.0,20.0,53.0,33.0,35.0,16.75,-1.38,15.15,False,False,False,False,보통
전세,서대문구,1141010600,천연동,1.6718,1.8153,1.9217,6.0,10.0,24.0,40.0,16.0,34.0,8.58,5.87,14.95,False,False,False,False,보통
전세,강남구,1168010400,청담동,3.4892,4.1297,3.9963,96.0,86.0,150.0,332.0,182.0,236.0,18.36,-3.23,14.53,False,False,False,False,보통
전세,중구,1114012100,회현동1가,3.9813,4.9399,4.5578,22.0,79.0,46.0,147.0,101.0,125.0,24.08,-7.73,14.48,False,False,False,False,보통
전세,광진구,1121510900,군자동,3.4028,3.2628,3.8888,181.0,132.0,310.0,623.0,313.0,442.0,-4.12,19.19,14.28,False,False,False,False,보통
전세,성북구,1129011400,삼선동4가,3.8504,4.0968,4.3993,11.0,17.0,15.0,43.0,28.0,32.0,6.4,7.38,14.26,False,False,False,False,보통
전세,영등포구,1156013200,신길동,2.9214,3.2515,3.3291,357.0,437.0,680.0,1474.0,794.0,1117.0,11.3,2.39,13.96,False,False,False,False,보통
전세,용산구,1117012000,도원동,4.5895,5.1785,5.2299,1.0,6.0,2.0,9.0,7.0,8.0,12.83,0.99,13.96,True,False,True,False,보통
전세,강남구,1168011200,자곡동,3.7778,4.4172,4.3044,19.0,7.0,27.0,53.0,26.0,34.0,16.93,-2.55,13.94,False,False,False,False,보통
전세,용산구,1117010800,서계동,2.272,2.4599,2.5867,63.0,97.0,147.0,307.0,160.0,244.0,8.27,5.16,13.85,False,False,False,False,보통
전세,서대문구,1141011300,대신동,2.7624,3.2024,3.1446,8.0,13.0,6.0,27.0,21.0,19.0,15.93,-1.8,13.84,False,False,False,False,보통
전세,성북구,1129012100,안암동1가,3.0043,,3.4155,5.0,0.0,6.0,11.0,5.0,6.0,,,13.69,False,True,False,False,보통
전세,용산구,1117011900,효창동,3.5409,3.5517,4.0191,286.0,326.0,612.0,1224.0,612.0,938.0,0.3,13.16,13.5,False,False,False,False,보통
전세,영등포구,1156010900,영등포동8가,4.2976,3.9906,4.8721,12.0,11.0,16.0,39.0,23.0,27.0,-7.15,22.09,13.37,False,False,False,False,보통
전세,영등포구,1156011100,당산동1가,4.2493,4.3076,4.8066,150.0,95.0,173.0,418.0,245.0,268.0,1.37,11.58,13.12,False,False,False,False,보통
전세,종로구,1111011300,필운동,1.9511,2.3322,2.2067,2.0,6.0,11.0,19.0,8.0,17.0,19.53,-5.38,13.1,True,False,False,False,보통
전세,종로구,1111014800,계동,2.3808,2.5168,2.691,5.0,4.0,7.0,16.0,9.0,11.0,5.71,6.92,13.03,False,False,False,False,보통
전세,성북구,1129013600,하월곡동,2.5472,2.5138,2.8784,52.0,75.0,72.0,199.0,127.0,147.0,-1.31,14.51,13.0,False,False,False,False,보통
전세,용산구,1117012100,용문동,3.4459,3.577,3.8814,264.0,304.0,557.0,1125.0,568.0,861.0,3.8,8.51,12.64,False,False,False,False,보통
전세,용산구,1117010500,남영동,1.8813,2.4642,2.1182,6.0,1.0,1.0,8.0,7.0,2.0,30.98,-14.04,12.59,False,True,True,False,보통
전세,종로구,1111010400,효자동,2.701,2.6123,3.0397,5.0,4.0,6.0,15.0,9.0,10.0,-3.28,16.36,12.54,False,False,False,False,보통
전세,성북구,1129013000,보문동1가,2.555,2.6287,2.8731,3.0,3.0,5.0,11.0,6.0,8.0,2.88,9.3,12.45,False,False,False,False,보통
전세,영등포구,1156011700,당산동,4.3514,4.4789,4.8887,45.0,51.0,117.0,213.0,96.0,168.0,2.93,9.15,12.35,False,False,False,False,보통
전세,구로구,1153010300,가리봉동,2.0518,2.5595,2.3033,83.0,110.0,132.0,325.0,193.0,242.0,24.74,-10.01,12.26,False,False,False,False,보통
전세,용산구,1117011300,원효로2가,3.9097,4.4021,4.3862,76.0,101.0,156.0,333.0,177.0,257.0,12.59,-0.36,12.19,False,False,False,False,보통
전세,동대문구,1123010200,용두동,3.4987,3.5818,3.9187,176.0,137.0,387.0,700.0,313.0,524.0,2.37,9.41,12.0,False,False,False,False,보통
전세,영등포구,1156010800,영등포동7가,4.0818,3.9944,4.5593,48.0,39.0,74.0,161.0,87.0,113.0,-2.14,14.14,11.7,False,False,False,False,보통
전세,강동구,1174010200,고덕동,3.0786,3.2947,3.4379,165.0,155.0,287.0,607.0,320.0,442.0,7.02,4.34,11.67,False,False,False,False,보통
전세,중구,1114014800,을지로6가,4.3449,4.2245,4.8347,5.0,2.0,4.0,11.0,7.0,6.0,-2.77,14.45,11.27,False,True,False,False,보통
전세,은평구,1138011000,증산동,1.6662,1.9696,1.8533,112.0,92.0,103.0,307.0,204.0,195.0,18.21,-5.9,11.23,False,False,False,False,보통
전세,종로구,1111016900,혜화동,2.6615,3.0504,2.9518,15.0,26.0,51.0,92.0,41.0,77.0,14.61,-3.23,10.91,False,False,False,False,보통
전세,마포구,1144010600,토정동,3.9108,3.6505,4.336,9.0,17.0,15.0,41.0,26.0,32.0,-6.66,18.78,10.87,False,False,False,False,보통
전세,성북구,1129010700,동소문동4가,2.9184,2.8328,3.2352,16.0,8.0,21.0,45.0,24.0,29.0,-2.93,14.2,10.86,False,False,False,False,보통
전세,종로구,1111016800,동숭동,1.8334,1.9548,2.0295,40.0,50.0,54.0,144.0,90.0,104.0,6.62,3.82,10.7,False,False,False,False,보통
전세,성북구,1129011000,동소문동7가,2.0247,2.4705,2.2411,3.0,4.0,7.0,14.0,7.0,11.0,22.02,-9.29,10.69,False,False,False,False,보통
전세,서대문구,1141012000,남가좌동,1.7577,2.0568,1.9392,67.0,83.0,93.0,243.0,150.0,176.0,17.01,-5.72,10.32,False,False,False,False,보통
전세,용산구,1117010900,청파동1가,2.8822,2.9821,3.1739,222.0,279.0,436.0,937.0,501.0,715.0,3.47,6.43,10.12,False,False,False,False,보통
전세,성동구,1120012200,용답동,3.977,4.193,4.3581,263.0,181.0,375.0,819.0,444.0,556.0,5.43,3.94,9.58,False,False,False,False,보통
전세,성북구,1129012500,안암동5가,2.0792,3.1616,2.2777,5.0,14.0,18.0,37.0,19.0,32.0,52.06,-27.96,9.55,False,False,False,False,보통
전세,종로구,1111018200,구기동,2.1088,2.282,2.3025,58.0,47.0,97.0,202.0,105.0,144.0,8.21,0.9,9.19,False,False,False,False,보통
전세,마포구,1144011800,당인동,2.2259,2.3697,2.4205,36.0,30.0,62.0,128.0,66.0,92.0,6.46,2.14,8.74,False,False,False,False,보통
전세,송파구,1171011400,마천동,1.8388,1.8075,1.9993,364.0,411.0,602.0,1377.0,775.0,1013.0,-1.7,10.61,8.73,False,False,False,False,보통
전세,구로구,1153011000,온수동,1.4167,1.4147,1.5392,117.0,95.0,150.0,362.0,212.0,245.0,-0.14,8.8,8.65,False,False,False,False,보통
전세,송파구,1171011200,오금동,2.5181,2.5748,2.7356,299.0,336.0,405.0,1040.0,635.0,741.0,2.25,6.25,8.64,False,False,False,False,보통
전세,용산구,1117012900,이촌동,1.6606,2.1575,1.8039,19.0,32.0,52.0,103.0,51.0,84.0,29.92,-16.39,8.63,False,False,False,False,보통
전세,마포구,1144010800,대흥동,3.8438,4.1351,4.1718,118.0,114.0,315.0,547.0,232.0,429.0,7.58,0.89,8.53,False,False,False,False,보통
전세,은평구,1138011400,진관동,2.8909,3.0342,3.1326,18.0,16.0,24.0,58.0,34.0,40.0,4.96,3.24,8.36,False,False,False,False,보통
전세,종로구,1111017900,홍파동,1.9007,2.2694,2.0553,4.0,1.0,10.0,15.0,5.0,11.0,19.39,-9.43,8.13,False,True,False,False,보통
전세,동작구,1159010700,사당동,2.7566,2.8945,2.9717,717.0,668.0,1143.0,2528.0,1385.0,1811.0,5.0,2.67,7.8,False,False,False,False,보통
전세,마포구,1144010500,용강동,3.1972,3.0003,3.4456,49.0,77.0,144.0,270.0,126.0,221.0,-6.16,14.84,7.77,False,False,False,False,보통
전세,종로구,1111018100,행촌동,1.6368,1.5797,1.7634,66.0,57.0,86.0,209.0,123.0,143.0,-3.49,11.63,7.73,False,False,False,False,보통
전세,동대문구,1123011000,이문동,2.1115,2.3181,2.2744,51.0,61.0,100.0,212.0,112.0,161.0,9.78,-1.88,7.72,False,False,False,False,보통
전세,용산구,1117013600,보광동,1.3605,1.6269,1.4656,36.0,10.0,24.0,70.0,46.0,34.0,19.58,-9.92,7.72,False,False,False,False,보통
전세,용산구,1117011000,청파동2가,3.7962,3.414,4.0833,96.0,85.0,214.0,395.0,181.0,299.0,-10.07,19.6,7.56,False,False,False,False,보통
전세,서초구,1165010900,내곡동,3.5354,3.6061,3.7997,8.0,6.0,14.0,28.0,14.0,20.0,2.0,5.37,7.47,False,False,False,False,보통
전세,성북구,1129010100,성북동,2.7458,2.892,2.9499,167.0,197.0,337.0,701.0,364.0,534.0,5.32,2.0,7.43,False,False,False,False,보통
전세,영등포구,1156012900,양평동5가,4.019,4.5408,4.3169,63.0,38.0,100.0,201.0,101.0,138.0,12.98,-4.93,7.41,False,False,False,False,보통
전세,강남구,1168011400,일원동,4.1459,4.5919,4.4524,330.0,305.0,565.0,1200.0,635.0,870.0,10.76,-3.04,7.39,False,False,False,False,보통
전세,용산구,1117011700,원효로3가,3.7183,3.6251,3.9917,107.0,93.0,181.0,381.0,200.0,274.0,-2.5,10.11,7.35,False,False,False,False,보통
전세,강남구,1168011100,세곡동,4.3287,4.6432,4.6464,39.0,20.0,54.0,113.0,59.0,74.0,7.27,0.07,7.34,False,False,False,False,보통
전세,강서구,1150010500,마곡동,2.0496,2.1912,2.1997,47.0,70.0,108.0,225.0,117.0,178.0,6.91,0.39,7.32,False,False,False,False,보통
전세,마포구,1144011100,신수동,3.3856,3.2773,3.6285,114.0,117.0,180.0,411.0,231.0,297.0,-3.2,10.72,7.17,False,False,False,False,보통
전세,강남구,1168010600,대치동,3.2827,3.5526,3.5176,303.0,333.0,583.0,1219.0,636.0,916.0,8.22,-0.98,7.16,False,False,False,False,보통
전세,서대문구,1141010200,충정로3가,1.3405,1.3872,1.4359,29.0,33.0,69.0,131.0,62.0,102.0,3.48,3.51,7.11,False,False,False,False,보통
전세,용산구,1117011100,청파동3가,4.2842,4.3454,4.5849,108.0,173.0,235.0,516.0,281.0,408.0,1.43,5.51,7.02,False,False,False,False,보통
전세,마포구,1144012200,합정동,2.9465,3.0131,3.15,584.0,565.0,887.0,2036.0,1149.0,1452.0,2.26,4.54,6.9,False,False,False,False,보통
전세,동대문구,1123010800,회기동,2.6413,2.7361,2.8186,22.0,19.0,63.0,104.0,41.0,82.0,3.59,3.01,6.71,False,False,False,False,보통
전세,마포구,1144012700,상암동,3.0132,2.909,3.2136,68.0,52.0,89.0,209.0,120.0,141.0,-3.46,10.47,6.65,False,False,False,False,보통
전세,성북구,1129012300,안암동3가,1.7818,2.3368,1.8997,13.0,9.0,18.0,40.0,22.0,27.0,31.15,-18.71,6.62,False,False,False,False,보통
전세,송파구,1171011100,방이동,2.742,2.8829,2.9192,818.0,717.0,1232.0,2767.0,1535.0,1949.0,5.14,1.26,6.46,False,False,False,False,보통
전세,종로구,1111018400,부암동,2.0392,2.3203,2.1694,17.0,33.0,42.0,92.0,50.0,75.0,13.78,-6.5,6.38,False,False,False,False,보통
전세,노원구,1135010400,하계동,1.8505,1.9302,1.9675,40.0,28.0,53.0,121.0,68.0,81.0,4.31,1.93,6.33,False,False,False,False,보통
전세,서초구,1165011000,염곡동,3.4406,2.3346,3.6494,5.0,4.0,11.0,20.0,9.0,15.0,-32.15,56.32,6.07,False,False,False,False,보통
전세,강남구,1168010300,개포동,3.3716,3.458,3.5759,430.0,421.0,699.0,1550.0,851.0,1120.0,2.56,3.41,6.06,False,False,False,False,보통
전세,용산구,1117011200,원효로1가,3.7498,3.9924,3.9715,222.0,245.0,391.0,858.0,467.0,636.0,6.47,-0.52,5.91,False,False,False,False,보통
전세,영등포구,1156010400,영등포동3가,4.1465,4.7946,4.3892,16.0,10.0,11.0,37.0,26.0,21.0,15.63,-8.46,5.85,False,False,False,False,보통
전세,종로구,1111016500,이화동,1.9778,2.0495,2.092,5.0,9.0,7.0,21.0,14.0,16.0,3.63,2.07,5.77,False,False,False,False,보통
전세,강동구,1174010100,명일동,2.7556,2.9632,2.9109,104.0,136.0,201.0,441.0,240.0,337.0,7.53,-1.76,5.63,False,False,False,False,보통
전세,성북구,1129013800,장위동,2.2016,2.1161,2.3244,670.0,646.0,1154.0,2470.0,1316.0,1800.0,-3.89,9.85,5.58,False,False,False,False,보통
전세,종로구,1111014900,원서동,2.2626,2.139,2.3889,39.0,23.0,36.0,98.0,62.0,59.0,-5.46,11.69,5.58,False,False,False,False,보통
전세,성동구,1120010400,도선동,4.0814,3.9294,4.3075,19.0,14.0,42.0,75.0,33.0,56.0,-3.72,9.62,5.54,False,False,False,False,보통
전세,성동구,1120011400,성수동1가,3.0751,2.7379,3.2444,191.0,159.0,319.0,669.0,350.0,478.0,-10.96,18.5,5.51,False,False,False,False,보통
전세,도봉구,1132010700,창동,1.7359,1.8043,1.8305,555.0,458.0,680.0,1693.0,1013.0,1138.0,3.94,1.45,5.45,False,False,False,False,보통
전세,성북구,1129013500,종암동,2.4063,2.5509,2.5371,135.0,129.0,214.0,478.0,264.0,343.0,6.01,-0.54,5.44,False,False,False,False,보통
전세,강서구,1150010200,등촌동,3.1933,3.0232,3.3631,564.0,417.0,719.0,1700.0,981.0,1136.0,-5.33,11.25,5.32,False,False,False,False,보통
전세,종로구,1111016700,충신동,3.5778,4.2859,3.7679,9.0,2.0,11.0,22.0,11.0,13.0,19.79,-12.09,5.31,False,True,False,False,보통
전세,강북구,1130510400,우이동,1.5213,1.618,1.6015,74.0,62.0,85.0,221.0,136.0,147.0,6.36,-1.02,5.27,False,False,False,False,보통
전세,성동구,1120011800,송정동,2.9665,3.3168,3.117,52.0,48.0,79.0,179.0,100.0,127.0,11.81,-6.02,5.07,False,False,False,False,보통
전세,용산구,1117012300,신계동,3.6841,4.0292,3.8635,50.0,36.0,98.0,184.0,86.0,134.0,9.37,-4.11,4.87,False,False,False,False,보통
전세,용산구,1117013400,주성동,1.2903,1.4231,1.3512,13.0,13.0,22.0,48.0,26.0,35.0,10.29,-5.05,4.72,False,False,False,False,보통
전세,동작구,1159010900,신대방동,2.5673,2.5837,2.6797,203.0,217.0,250.0,670.0,420.0,467.0,0.64,3.72,4.38,False,False,False,False,보통
전세,영등포구,1156011600,당산동6가,3.3624,4.3569,3.5094,62.0,84.0,95.0,241.0,146.0,179.0,29.58,-19.45,4.37,False,False,False,False,보통
전세,중구,1114013600,묵정동,3.022,3.7765,3.1535,1.0,5.0,3.0,9.0,6.0,8.0,24.97,-16.5,4.35,True,False,False,False,보통
전세,영등포구,1156010700,영등포동6가,4.1479,4.0716,4.3273,60.0,28.0,46.0,134.0,88.0,74.0,-1.84,6.28,4.33,False,False,False,False,보통
전세,마포구,1144012500,성산동,2.944,2.9394,3.071,517.0,484.0,743.0,1744.0,1001.0,1227.0,-0.16,4.48,4.31,False,False,False,False,보통
전세,마포구,1144010300,신공덕동,3.8781,3.7937,4.0425,49.0,39.0,61.0,149.0,88.0,100.0,-2.18,6.56,4.24,False,False,False,False,보통
전세,성북구,1129010300,돈암동,2.0883,2.3405,2.1765,35.0,52.0,47.0,134.0,87.0,99.0,12.08,-7.01,4.22,False,False,False,False,보통
전세,성동구,1120011500,성수동2가,3.0033,3.2117,3.1273,198.0,205.0,278.0,681.0,403.0,483.0,6.94,-2.63,4.13,False,False,False,False,보통
전세,중구,1114016200,신당동,2.9498,2.8309,3.0672,388.0,344.0,685.0,1417.0,732.0,1029.0,-4.03,8.35,3.98,False,False,False,False,보통
전세,마포구,1144012600,중동,2.4769,2.8881,2.5747,63.0,53.0,107.0,223.0,116.0,160.0,16.6,-10.85,3.95,False,False,False,False,보통
전세,마포구,1144010900,염리동,3.7868,3.8067,3.9357,290.0,187.0,492.0,969.0,477.0,679.0,0.53,3.39,3.93,False,False,False,False,보통
전세,강남구,1168010700,신사동,2.9797,2.9366,3.0956,71.0,64.0,118.0,253.0,135.0,182.0,-1.45,5.41,3.89,False,False,False,False,보통
전세,종로구,1111010900,누상동,2.0969,2.2227,2.1749,41.0,37.0,80.0,158.0,78.0,117.0,6.0,-2.15,3.72,False,False,False,False,보통
전세,송파구,1171010700,가락동,2.8726,2.8535,2.9786,602.0,446.0,907.0,1955.0,1048.0,1353.0,-0.66,4.38,3.69,False,False,False,False,보통
전세,용산구,1117010100,후암동,3.0048,3.1158,3.1138,499.0,451.0,889.0,1839.0,950.0,1340.0,3.7,-0.07,3.63,False,False,False,False,보통
전세,종로구,1111010200,신교동,2.2289,2.2258,2.3089,19.0,17.0,36.0,72.0,36.0,53.0,-0.14,3.73,3.59,False,False,False,False,보통
전세,서대문구,1141011200,대현동,4.6656,4.9158,4.8312,13.0,13.0,16.0,42.0,26.0,29.0,5.36,-1.72,3.55,False,False,False,False,보통
전세,서초구,1165010800,서초동,4.0591,4.1385,4.201,549.0,486.0,878.0,1913.0,1035.0,1364.0,1.96,1.51,3.5,False,False,False,False,보통
전세,서초구,1165010200,양재동,3.4368,3.6971,3.5569,934.0,899.0,1539.0,3372.0,1833.0,2438.0,7.57,-3.79,3.49,False,False,False,False,보통
전세,강서구,1150010400,가양동,3.0894,3.0922,3.1894,75.0,72.0,88.0,235.0,147.0,160.0,0.09,3.14,3.24,False,False,False,False,보통
전세,중랑구,1126010600,신내동,2.2995,2.4434,2.3706,76.0,54.0,96.0,226.0,130.0,150.0,6.26,-2.98,3.09,False,False,False,False,보통
전세,서초구,1165010100,방배동,3.7287,3.9039,3.8418,1250.0,1123.0,2017.0,4390.0,2373.0,3140.0,4.7,-1.59,3.03,False,False,False,False,보통
전세,서초구,1165010700,반포동,3.6038,3.7304,3.7064,450.0,341.0,740.0,1531.0,791.0,1081.0,3.51,-0.64,2.85,False,False,False,False,보통
전세,마포구,1144011000,노고산동,4.0827,4.3418,4.1944,170.0,117.0,257.0,544.0,287.0,374.0,6.35,-3.39,2.74,False,False,False,False,보통
전세,송파구,1171011300,거여동,2.8047,2.8299,2.8808,165.0,195.0,220.0,580.0,360.0,415.0,0.9,1.8,2.72,False,False,False,False,보통
전세,용산구,1117012200,문배동,4.1336,4.1853,4.2387,3.0,2.0,7.0,12.0,5.0,9.0,1.25,1.28,2.54,False,True,False,False,보통
전세,영등포구,1156012100,문래동3가,4.2724,4.6715,4.3776,9.0,4.0,11.0,24.0,13.0,15.0,9.34,-6.29,2.46,False,False,False,False,보통
전세,은평구,1138010300,불광동,2.0933,2.002,2.1448,941.0,838.0,1217.0,2996.0,1779.0,2055.0,-4.36,7.13,2.46,False,False,False,False,보통
전세,성동구,1120010600,사근동,3.4219,3.0182,3.5051,44.0,11.0,64.0,119.0,55.0,75.0,-11.8,16.13,2.43,False,False,False,False,보통
전세,동대문구,1123010400,전농동,2.9157,2.9103,2.9863,306.0,274.0,439.0,1019.0,580.0,713.0,-0.18,2.61,2.42,False,False,False,False,보통
전세,종로구,1111016600,연건동,1.7671,1.5781,1.8096,22.0,18.0,25.0,65.0,40.0,43.0,-10.69,14.67,2.41,False,False,False,False,보통
전세,동작구,1159010500,흑석동,2.7538,2.9062,2.8189,31.0,40.0,90.0,161.0,71.0,130.0,5.54,-3.0,2.37,False,False,False,False,보통
전세,성동구,1120010200,하왕십리동,4.5031,4.6812,4.6049,69.0,65.0,113.0,247.0,134.0,178.0,3.95,-1.63,2.26,False,False,False,False,보통
전세,은평구,1138010600,대조동,2.1632,2.158,2.21,371.0,358.0,500.0,1229.0,729.0,858.0,-0.24,2.41,2.16,False,False,False,False,보통
전세,종로구,1111017300,명륜3가,1.921,1.759,1.961,18.0,18.0,39.0,75.0,36.0,57.0,-8.43,11.49,2.09,False,False,False,False,보통
전세,용산구,1117012400,한강로1가,3.7554,3.7237,3.8336,46.0,34.0,64.0,144.0,80.0,98.0,-0.84,2.95,2.08,False,False,False,False,보통
전세,마포구,1144012300,망원동,2.8379,2.8879,2.895,796.0,634.0,972.0,2402.0,1430.0,1606.0,1.76,0.25,2.01,False,False,False,False,보통
전세,관악구,1162010200,신림동,2.5534,2.5782,2.603,1051.0,948.0,1213.0,3212.0,1999.0,2161.0,0.97,0.96,1.94,False,False,False,False,보통
전세,마포구,1144010200,공덕동,3.3666,3.3085,3.4316,73.0,58.0,120.0,251.0,131.0,178.0,-1.73,3.72,1.93,False,False,False,False,보통
전세,강동구,1174010300,상일동,2.4997,2.3492,2.539,91.0,62.0,148.0,301.0,153.0,210.0,-6.02,8.08,1.57,False,False,False,False,보통
전세,광진구,1121510500,자양동,3.5106,3.6035,3.5624,1308.0,1195.0,2143.0,4646.0,2503.0,3338.0,2.65,-1.14,1.47,False,False,False,False,보통
전세,중구,1114014700,쌍림동,3.9458,4.0016,3.9995,3.0,2.0,14.0,19.0,5.0,16.0,1.41,-0.05,1.36,False,True,False,False,보통
전세,강남구,1168010500,삼성동,3.3654,3.2681,3.4105,195.0,191.0,375.0,761.0,386.0,566.0,-2.89,4.35,1.34,False,False,False,False,보통
전세,성북구,1129010200,성북동1가,2.4291,2.326,2.4617,6.0,10.0,19.0,35.0,16.0,29.0,-4.25,5.83,1.34,False,False,False,False,보통
전세,도봉구,1132010500,쌍문동,1.6268,1.6763,1.6473,347.0,285.0,320.0,952.0,632.0,605.0,3.04,-1.73,1.26,False,False,False,False,보통
전세,강북구,1130510100,미아동,1.6321,1.648,1.6518,527.0,553.0,828.0,1908.0,1080.0,1381.0,0.98,0.23,1.2,False,False,False,False,보통
전세,중랑구,1126010500,망우동,2.5184,2.8002,2.5483,204.0,227.0,289.0,720.0,431.0,516.0,11.19,-9.0,1.19,False,False,False,False,보통
전세,동작구,1159010200,상도동,2.5071,2.5614,2.5347,854.0,804.0,1370.0,3028.0,1658.0,2174.0,2.16,-1.04,1.1,False,False,False,False,보통
전세,용산구,1117011500,산천동,2.3398,2.5239,2.3648,5.0,8.0,6.0,19.0,13.0,14.0,7.87,-6.31,1.07,False,False,False,False,보통
전세,금천구,1154510200,독산동,2.7128,2.9229,2.7404,519.0,498.0,719.0,1736.0,1017.0,1217.0,7.75,-6.25,1.02,False,False,False,False,보통
전세,송파구,1171010100,잠실동,3.159,3.0713,3.1904,642.0,565.0,1116.0,2323.0,1207.0,1681.0,-2.78,3.88,0.99,False,False,False,False,보통
전세,강동구,1174010800,성내동,3.0184,3.0254,3.0474,761.0,654.0,1059.0,2474.0,1415.0,1713.0,0.23,0.73,0.96,False,False,False,False,보통
전세,성동구,1120010800,응봉동,1.5944,1.7902,1.6094,75.0,80.0,104.0,259.0,155.0,184.0,12.28,-10.1,0.94,False,False,False,False,보통
전세,구로구,1153011200,항동,1.5727,1.5062,1.5868,32.0,40.0,56.0,128.0,72.0,96.0,-4.23,5.36,0.9,False,False,False,False,보통
전세,송파구,1171010500,석촌동,2.8944,2.9046,2.9204,893.0,794.0,1303.0,2990.0,1687.0,2097.0,0.35,0.54,0.9,False,False,False,False,보통
전세,은평구,1138010800,역촌동,2.1234,2.1782,2.141,565.0,396.0,564.0,1525.0,961.0,960.0,2.58,-1.71,0.83,False,False,False,False,보통
전세,노원구,1135010500,상계동,1.624,1.5789,1.6373,315.0,318.0,420.0,1053.0,633.0,738.0,-2.78,3.7,0.82,False,False,False,False,보통
전세,중랑구,1126010300,중화동,2.7655,2.8279,2.788,404.0,380.0,653.0,1437.0,784.0,1033.0,2.26,-1.41,0.82,False,False,False,False,보통
전세,영등포구,1156011800,도림동,2.8965,3.2481,2.9194,98.0,114.0,172.0,384.0,212.0,286.0,12.14,-10.12,0.79,False,False,False,False,보통
전세,은평구,1138010200,녹번동,2.3695,2.4316,2.3882,454.0,436.0,679.0,1569.0,890.0,1115.0,2.62,-1.78,0.79,False,False,False,False,보통
전세,용산구,1117011400,신창동,3.329,3.4608,3.3531,60.0,91.0,87.0,238.0,151.0,178.0,3.96,-3.11,0.72,False,False,False,False,보통
전세,송파구,1171010600,삼전동,2.8563,2.7796,2.8753,853.0,788.0,1422.0,3063.0,1641.0,2210.0,-2.68,3.44,0.67,False,False,False,False,보통
전세,광진구,1121510300,구의동,2.9431,3.0578,2.9596,845.0,674.0,1129.0,2648.0,1519.0,1803.0,3.89,-3.21,0.56,False,False,False,False,보통
전세,송파구,1171010300,풍납동,2.3693,2.3929,2.3787,153.0,130.0,204.0,487.0,283.0,334.0,1.0,-0.59,0.4,False,False,False,False,보통
전세,용산구,1117010200,용산동2가,2.0673,2.0802,2.0742,155.0,156.0,230.0,541.0,311.0,386.0,0.63,-0.29,0.33,False,False,False,False,보통
전세,관악구,1162010100,봉천동,2.7398,2.6902,2.7438,947.0,730.0,1026.0,2703.0,1677.0,1756.0,-1.81,1.99,0.15,False,False,False,False,보통
전세,강서구,1150010600,내발산동,2.4516,2.8481,2.4543,315.0,225.0,326.0,866.0,540.0,551.0,16.17,-13.83,0.11,False,False,False,False,보통
전세,노원구,1135010300,공릉동,1.9233,2.0183,1.9252,198.0,139.0,277.0,614.0,337.0,416.0,4.94,-4.62,0.09,False,False,False,False,보통
전세,중구,1114014300,장충동1가,3.361,3.62,3.3609,22.0,20.0,28.0,70.0,42.0,48.0,7.71,-7.16,-0.0,False,False,False,False,보통
전세,종로구,1111018300,평창동,1.9933,2.1247,1.991,75.0,49.0,95.0,219.0,124.0,144.0,6.59,-6.29,-0.11,False,False,False,False,보통
전세,서초구,1165010600,잠원동,3.4774,3.5458,3.4709,57.0,47.0,86.0,190.0,104.0,133.0,1.97,-2.11,-0.19,False,False,False,False,보통
전세,은평구,1138010400,갈현동,2.014,1.9595,2.0085,578.0,411.0,632.0,1621.0,989.0,1043.0,-2.71,2.5,-0.27,False,False,False,False,보통
전세,서대문구,1141011600,창천동,2.7595,2.8959,2.7516,75.0,72.0,104.0,251.0,147.0,176.0,4.94,-4.98,-0.29,False,False,False,False,보통
전세,영등포구,1156012500,양평동1가,4.6445,4.7581,4.6287,41.0,24.0,46.0,111.0,65.0,70.0,2.45,-2.72,-0.34,False,False,False,False,보통
전세,성동구,1120011200,금호동4가,2.1828,2.1076,2.1709,18.0,13.0,23.0,54.0,31.0,36.0,-3.45,3.01,-0.55,False,False,False,False,보통
전세,강동구,1174010700,암사동,2.8404,2.9418,2.8224,669.0,525.0,901.0,2095.0,1194.0,1426.0,3.57,-4.06,-0.63,False,False,False,False,보통
전세,송파구,1171010400,송파동,3.1317,3.234,3.1115,864.0,743.0,1232.0,2839.0,1607.0,1975.0,3.27,-3.79,-0.65,False,False,False,False,보통
전세,종로구,1111017400,창신동,1.9962,2.1391,1.9831,90.0,115.0,148.0,353.0,205.0,263.0,7.16,-7.29,-0.65,False,False,False,False,보통
전세,동대문구,1123010600,장안동,2.8614,2.7052,2.8368,305.0,250.0,448.0,1003.0,555.0,698.0,-5.46,4.86,-0.86,False,False,False,False,보통
전세,영등포구,1156010600,영등포동5가,4.8866,4.7314,4.8447,19.0,17.0,19.0,55.0,36.0,36.0,-3.18,2.4,-0.86,False,False,False,False,보통
전세,광진구,1121510100,중곡동,3.0657,3.1569,3.0392,955.0,739.0,1382.0,3076.0,1694.0,2121.0,2.97,-3.73,-0.87,False,False,False,False,보통
전세,마포구,1144012400,연남동,2.8806,2.9273,2.8522,184.0,160.0,243.0,587.0,344.0,403.0,1.62,-2.56,-0.99,False,False,False,False,보통
전세,관악구,1162010300,남현동,3.2021,3.615,3.1676,144.0,120.0,183.0,447.0,264.0,303.0,12.89,-12.38,-1.08,False,False,False,False,보통
전세,구로구,1153010100,신도림동,1.4854,1.213,1.469,18.0,15.0,32.0,65.0,33.0,47.0,-18.34,21.11,-1.1,False,False,False,False,보통
전세,송파구,1171010800,문정동,3.0515,3.1628,3.0161,556.0,464.0,737.0,1757.0,1020.0,1201.0,3.65,-4.64,-1.16,False,False,False,False,보통
전세,노원구,1135010200,월계동,1.926,1.9173,1.9033,89.0,121.0,194.0,404.0,210.0,315.0,-0.45,-0.73,-1.18,False,False,False,False,보통
전세,동대문구,1123010500,답십리동,3.6704,3.6241,3.6255,186.0,113.0,202.0,501.0,299.0,315.0,-1.26,0.04,-1.22,False,False,False,False,보통
전세,구로구,1153010600,고척동,1.851,1.9434,1.8274,120.0,122.0,168.0,410.0,242.0,290.0,4.99,-5.97,-1.27,False,False,False,False,보통
전세,강남구,1168010800,논현동,3.979,4.0616,3.9264,497.0,466.0,778.0,1741.0,963.0,1244.0,2.08,-3.33,-1.32,False,False,False,False,보통
전세,성북구,1129011500,삼선동5가,2.9343,2.6862,2.8944,19.0,17.0,55.0,91.0,36.0,72.0,-8.46,7.75,-1.36,False,False,False,False,보통
전세,중구,1114016500,황학동,3.6381,3.7501,3.5778,59.0,49.0,91.0,199.0,108.0,140.0,3.08,-4.6,-1.66,False,False,False,False,보통
전세,강서구,1150010700,외발산동,2.0293,1.7849,1.9951,16.0,17.0,18.0,51.0,33.0,35.0,-12.04,11.78,-1.68,False,False,False,False,보통
전세,중랑구,1126010100,면목동,2.8534,2.9564,2.8039,1039.0,1009.0,1385.0,3433.0,2048.0,2394.0,3.61,-5.16,-1.74,False,False,False,False,보통
전세,성북구,1129013700,상월곡동,2.708,2.5592,2.6607,36.0,28.0,50.0,114.0,64.0,78.0,-5.5,3.97,-1.75,False,False,False,False,보통
전세,서대문구,1141011800,홍은동,1.8083,1.8255,1.7757,253.0,240.0,385.0,878.0,493.0,625.0,0.95,-2.73,-1.8,False,False,False,False,보통
전세,중구,1114013900,필동3가,4.2668,3.5506,4.1899,16.0,5.0,11.0,32.0,21.0,16.0,-16.79,18.0,-1.8,False,False,False,False,보통
전세,양천구,1147010100,신정동,2.4388,2.1965,2.3942,663.0,498.0,940.0,2101.0,1161.0,1438.0,-9.94,9.0,-1.83,False,False,False,False,보통
전세,영등포구,1156012700,양평동3가,4.6086,4.5978,4.52,17.0,20.0,13.0,50.0,37.0,33.0,-0.23,-1.69,-1.92,False,False,False,False,보통
전세,영등포구,1156011900,문래동1가,5.5645,1.0541,5.4525,13.0,1.0,9.0,23.0,14.0,10.0,-81.06,417.28,-2.01,False,True,False,False,보통
전세,강동구,1174010500,길동,2.8529,2.9826,2.7935,321.0,260.0,418.0,999.0,581.0,678.0,4.54,-6.34,-2.08,False,False,False,False,보통
전세,서대문구,1141011900,북가좌동,1.7741,1.8202,1.7316,403.0,337.0,538.0,1278.0,740.0,875.0,2.6,-4.87,-2.39,False,False,False,False,보통
전세,구로구,1153010800,오류동,1.6398,1.555,1.5999,241.0,205.0,353.0,799.0,446.0,558.0,-5.17,2.89,-2.43,False,False,False,False,보통
전세,성북구,1129013900,석관동,2.8886,2.7666,2.8103,269.0,265.0,454.0,988.0,534.0,719.0,-4.23,1.58,-2.71,False,False,False,False,보통
전세,용산구,1117013000,이태원동,3.4335,3.5766,3.3362,163.0,210.0,276.0,649.0,373.0,486.0,4.17,-6.72,-2.83,False,False,False,False,보통
전세,중구,1114014200,예장동,4.3556,4.2226,4.2314,26.0,21.0,23.0,70.0,47.0,44.0,-3.05,0.21,-2.85,False,False,False,False,보통
전세,영등포구,1156010500,영등포동4가,5.8075,5.3059,5.6247,9.0,11.0,5.0,25.0,20.0,16.0,-8.64,6.01,-3.15,False,False,False,False,보통
전세,중랑구,1126010200,상봉동,3.5118,3.317,3.401,581.0,411.0,638.0,1630.0,992.0,1049.0,-5.55,2.54,-3.15,False,False,False,False,보통
전세,마포구,1144012000,서교동,2.9948,3.1753,2.898,239.0,242.0,339.0,820.0,481.0,581.0,6.03,-8.73,-3.23,False,False,False,False,보통
전세,용산구,1117011800,원효로4가,3.4325,3.4685,3.3186,127.0,73.0,172.0,372.0,200.0,245.0,1.05,-4.32,-3.32,False,False,False,False,보통
전세,영등포구,1156012800,양평동4가,3.8409,4.2231,3.7128,141.0,75.0,173.0,389.0,216.0,248.0,9.95,-12.08,-3.33,False,False,False,False,보통
전세,강북구,1130510200,번동,1.5483,1.3996,1.4964,181.0,202.0,268.0,651.0,383.0,470.0,-9.61,6.92,-3.35,False,False,False,False,보통
전세,강남구,1168010100,역삼동,4.0002,3.991,3.8645,669.0,706.0,1069.0,2444.0,1375.0,1775.0,-0.23,-3.17,-3.39,False,False,False,False,보통
전세,영등포구,1156011300,당산동3가,4.7044,5.4857,4.5391,37.0,37.0,39.0,113.0,74.0,76.0,16.61,-17.26,-3.51,False,False,False,False,보통
전세,영등포구,1156011400,당산동4가,3.9238,3.9009,3.784,14.0,12.0,31.0,57.0,26.0,43.0,-0.58,-3.0,-3.56,False,False,False,False,보통
전세,동작구,1159010800,대방동,3.1306,3.1198,3.0159,218.0,206.0,275.0,699.0,424.0,481.0,-0.35,-3.33,-3.66,False,False,False,False,보통
전세,강동구,1174010600,둔촌동,3.0149,2.9313,2.9016,247.0,231.0,435.0,913.0,478.0,666.0,-2.77,-1.01,-3.76,False,False,False,False,보통
전세,성동구,1120010700,행당동,3.8451,4.1097,3.6994,95.0,110.0,152.0,357.0,205.0,262.0,6.88,-9.98,-3.79,False,False,False,False,보통
전세,강동구,1174010900,천호동,3.3433,3.4735,3.2115,1188.0,1065.0,1421.0,3674.0,2253.0,2486.0,3.89,-7.54,-3.94,False,False,False,False,보통
전세,성북구,1129012900,보문동7가,4.2538,4.3548,4.0835,11.0,10.0,13.0,34.0,21.0,23.0,2.37,-6.23,-4.0,False,False,False,False,보통
전세,강서구,1150010800,공항동,2.4445,2.7331,2.3447,325.0,268.0,314.0,907.0,593.0,582.0,11.81,-14.21,-4.08,False,False,False,False,보통
전세,은평구,1138010500,구산동,1.9017,1.9602,1.8242,265.0,172.0,256.0,693.0,437.0,428.0,3.08,-6.94,-4.08,False,False,False,False,보통
전세,마포구,1144011500,상수동,2.6426,2.9022,2.5337,89.0,105.0,134.0,328.0,194.0,239.0,9.82,-12.69,-4.12,False,False,False,False,보통
전세,노원구,1135010600,중계동,1.6774,1.5774,1.608,87.0,62.0,101.0,250.0,149.0,163.0,-5.96,1.94,-4.14,False,False,False,False,보통
전세,서대문구,1141011100,홍제동,2.1989,1.9488,2.1063,220.0,197.0,335.0,752.0,417.0,532.0,-11.37,8.08,-4.21,False,False,False,False,보통
전세,강서구,1150010100,염창동,3.7687,3.5186,3.6077,108.0,77.0,134.0,319.0,185.0,211.0,-6.63,2.53,-4.27,False,False,False,False,보통
전세,동대문구,1123010300,제기동,2.95,2.9324,2.8162,126.0,162.0,234.0,522.0,288.0,396.0,-0.59,-3.97,-4.54,False,False,False,False,보통
전세,성동구,1120010900,금호동1가,1.7138,1.7777,1.6352,34.0,41.0,44.0,119.0,75.0,85.0,3.73,-8.02,-4.59,False,False,False,False,보통
전세,양천구,1147010200,목동,2.3938,2.3798,2.279,1594.0,1357.0,1980.0,4931.0,2951.0,3337.0,-0.58,-4.23,-4.79,False,False,False,False,보통
전세,성북구,1129012700,보문동5가,2.6956,2.4534,2.5643,12.0,15.0,19.0,46.0,27.0,34.0,-8.99,4.52,-4.87,False,False,False,False,보통
전세,영등포구,1156010100,영등포동,3.1779,2.7862,3.0231,68.0,50.0,112.0,230.0,118.0,162.0,-12.32,8.5,-4.87,False,False,False,False,보통
전세,영등포구,1156010200,영등포동1가,4.1281,4.0974,3.9264,25.0,18.0,17.0,60.0,43.0,35.0,-0.74,-4.17,-4.89,False,False,False,False,보통
전세,광진구,1121510200,능동,3.7726,4.2346,3.5714,162.0,127.0,280.0,569.0,289.0,407.0,12.25,-15.66,-5.33,False,False,False,False,보통
전세,은평구,1138010900,신사동,1.9171,1.9437,1.8122,452.0,381.0,489.0,1322.0,833.0,870.0,1.38,-6.77,-5.48,False,False,False,False,보통
전세,구로구,1153011100,천왕동,2.358,2.0649,2.226,2.0,1.0,5.0,8.0,3.0,6.0,-12.43,7.8,-5.6,True,True,False,False,보통
전세,강남구,1168011800,도곡동,3.7658,3.3351,3.5514,66.0,68.0,131.0,265.0,134.0,199.0,-11.44,6.49,-5.69,False,False,False,False,보통
전세,금천구,1154510100,가산동,3.5423,3.5088,3.3408,152.0,117.0,211.0,480.0,269.0,328.0,-0.95,-4.79,-5.69,False,False,False,False,보통
전세,영등포구,1156013000,양평동6가,3.0014,2.9783,2.8231,75.0,78.0,82.0,235.0,153.0,160.0,-0.77,-5.21,-5.94,False,False,False,False,보통
전세,서대문구,1141011000,북아현동,2.0727,1.9935,1.9473,119.0,124.0,217.0,460.0,243.0,341.0,-3.82,-2.32,-6.05,False,False,False,False,보통
전세,은평구,1138010700,응암동,2.2481,2.0782,2.1031,542.0,397.0,641.0,1580.0,939.0,1038.0,-7.56,1.2,-6.45,False,False,False,False,보통
전세,중구,1114016400,무학동,2.3759,,2.2219,1.0,0.0,4.0,5.0,1.0,4.0,,,-6.48,True,True,False,False,보통
전세,동작구,1159010400,본동,2.9154,2.7483,2.7251,30.0,24.0,30.0,84.0,54.0,54.0,-5.73,-0.84,-6.53,False,False,False,False,보통
전세,중랑구,1126010400,묵동,2.4894,2.5035,2.3261,279.0,235.0,389.0,903.0,514.0,624.0,0.57,-7.09,-6.56,False,False,False,False,보통
전세,종로구,1111017000,명륜1가,2.5768,2.5812,2.4073,23.0,33.0,39.0,95.0,56.0,72.0,0.17,-6.74,-6.58,False,False,False,False,보통
전세,서대문구,1141011700,연희동,2.1994,2.1245,2.0446,242.0,186.0,311.0,739.0,428.0,497.0,-3.4,-3.76,-7.03,False,False,False,False,보통
전세,영등포구,1156010300,영등포동2가,4.1215,4.3701,3.8294,97.0,69.0,98.0,264.0,166.0,167.0,6.03,-12.37,-7.09,False,False,False,False,보통
전세,양천구,1147010300,신월동,2.0026,1.7208,1.858,885.0,883.0,1183.0,2951.0,1768.0,2066.0,-14.07,7.97,-7.22,False,False,False,False,보통
전세,금천구,1154510300,시흥동,2.2905,2.3396,2.125,641.0,622.0,752.0,2015.0,1263.0,1374.0,2.14,-9.18,-7.23,False,False,False,False,보통
전세,용산구,1117010400,갈월동,2.0493,2.1635,1.9011,40.0,36.0,39.0,115.0,76.0,75.0,5.57,-12.13,-7.23,False,False,False,False,보통
전세,구로구,1153010700,개봉동,2.0462,2.0386,1.8913,499.0,491.0,642.0,1632.0,990.0,1133.0,-0.37,-7.22,-7.57,False,False,False,False,보통
전세,구로구,1153010200,구로동,2.326,2.2007,2.147,301.0,319.0,432.0,1052.0,620.0,751.0,-5.39,-2.44,-7.69,False,False,False,False,보통
전세,성북구,1129012800,보문동6가,2.9939,2.8029,2.7628,10.0,7.0,4.0,21.0,17.0,11.0,-6.38,-1.43,-7.72,False,False,False,False,보통
전세,강북구,1130510300,수유동,1.7218,1.7154,1.5874,636.0,629.0,787.0,2052.0,1265.0,1416.0,-0.37,-7.46,-7.8,False,False,False,False,보통
전세,도봉구,1132010800,도봉동,1.6329,1.5651,1.505,148.0,130.0,166.0,444.0,278.0,296.0,-4.15,-3.84,-7.83,False,False,False,False,보통
전세,동대문구,1123010100,신설동,4.1748,3.8842,3.8354,42.0,39.0,57.0,138.0,81.0,96.0,-6.96,-1.26,-8.13,False,False,False,False,보통
전세,구로구,1153010900,궁동,1.6399,1.6063,1.506,199.0,195.0,233.0,627.0,394.0,428.0,-2.05,-6.24,-8.17,False,False,False,False,보통
전세,성동구,1120010500,마장동,3.3646,3.0874,3.0827,60.0,55.0,85.0,200.0,115.0,140.0,-8.24,-0.15,-8.38,False,False,False,False,보통
전세,서초구,1165010300,우면동,3.1803,3.1053,2.9006,66.0,50.0,132.0,248.0,116.0,182.0,-2.36,-6.59,-8.8,False,False,False,False,보통
전세,동작구,1159010300,상도1동,2.9109,2.6794,2.644,73.0,67.0,111.0,251.0,140.0,178.0,-7.95,-1.32,-9.17,False,False,False,False,보통
전세,강서구,1150010300,화곡동,2.3338,2.1324,2.1114,3470.0,2783.0,3276.0,9529.0,6253.0,6059.0,-8.63,-0.98,-9.53,False,False,False,False,보통
전세,서대문구,1141010100,충정로2가,2.6869,2.642,2.43,5.0,1.0,14.0,20.0,6.0,15.0,-1.67,-8.03,-9.56,False,True,False,False,보통
전세,영등포구,1156013300,대림동,2.2984,2.3058,2.0693,120.0,159.0,215.0,494.0,279.0,374.0,0.32,-10.26,-9.96,False,False,False,False,보통
전세,광진구,1121510700,화양동,3.6648,4.0206,3.2988,175.0,174.0,152.0,501.0,349.0,326.0,9.71,-17.95,-9.99,False,False,False,False,보통
전세,성북구,1129013300,정릉동,1.752,1.6946,1.5692,369.0,400.0,488.0,1257.0,769.0,888.0,-3.28,-7.4,-10.43,False,False,False,False,보통
전세,강남구,1168011300,율현동,3.0235,3.3701,2.703,3.0,1.0,3.0,7.0,4.0,4.0,11.46,-19.79,-10.6,False,True,False,False,보통
전세,성북구,1129011200,삼선동2가,2.5821,3.2063,2.2941,2.0,5.0,7.0,14.0,7.0,12.0,24.18,-28.45,-11.15,True,False,False,False,보통
전세,강서구,1150010900,방화동,2.6579,2.4,2.3603,443.0,317.0,432.0,1192.0,760.0,749.0,-9.7,-1.65,-11.19,False,False,False,False,보통
전세,영등포구,1156012600,양평동2가,1.9359,1.5607,1.7118,3.0,6.0,6.0,15.0,9.0,12.0,-19.38,9.68,-11.58,False,False,False,False,보통
전세,도봉구,1132010600,방학동,1.5842,1.4529,1.4004,323.0,203.0,269.0,795.0,526.0,472.0,-8.29,-3.61,-11.6,False,False,False,False,보통
전세,성북구,1129011600,동선동1가,3.8501,3.8511,3.3807,4.0,16.0,18.0,38.0,20.0,34.0,0.03,-12.22,-12.19,False,False,False,False,보통
전세,중구,1114017100,중림동,3.0699,2.7179,2.6889,27.0,23.0,60.0,110.0,50.0,83.0,-11.47,-1.07,-12.41,False,False,False,False,보통
전세,마포구,1144011400,창전동,3.462,3.1918,3.0168,50.0,41.0,71.0,162.0,91.0,112.0,-7.8,-5.48,-12.86,False,False,False,False,보통
전세,종로구,1111011500,사직동,2.0626,1.6478,1.7912,9.0,12.0,9.0,30.0,21.0,21.0,-20.11,8.7,-13.16,False,False,False,False,보통
전세,성북구,1129010900,동소문동6가,3.5125,3.8163,3.0392,5.0,13.0,4.0,22.0,18.0,17.0,8.65,-20.36,-13.48,False,False,False,False,보통
전세,용산구,1117012800,한강로3가,2.1799,3.2784,1.8849,9.0,5.0,12.0,26.0,14.0,17.0,50.4,-42.5,-13.53,False,False,False,False,보통
전세,마포구,1144010100,아현동,2.7062,2.5828,2.3385,93.0,155.0,203.0,451.0,248.0,358.0,-4.56,-9.46,-13.59,False,False,False,False,보통
전세,중구,1114014600,광희동2가,3.1073,3.2811,2.6668,5.0,7.0,13.0,25.0,12.0,20.0,5.6,-18.72,-14.18,False,False,False,False,보통
전세,성동구,1120010300,홍익동,4.0459,3.6464,3.4027,37.0,13.0,25.0,75.0,50.0,38.0,-9.87,-6.68,-15.9,False,False,False,False,보통
전세,마포구,1144010700,마포동,3.7774,3.1433,3.1396,23.0,29.0,24.0,76.0,52.0,53.0,-16.78,-0.12,-16.88,False,False,False,False,보통
전세,종로구,1111017200,명륜4가,3.468,3.165,2.8655,7.0,9.0,16.0,32.0,16.0,25.0,-8.74,-9.46,-17.37,False,False,False,False,보통
전세,종로구,1111016000,연지동,4.1968,4.6748,3.4179,8.0,6.0,6.0,20.0,14.0,12.0,11.39,-26.89,-18.56,False,False,False,False,보통
전세,종로구,1111012100,신문로2가,4.2799,5.1842,3.4637,2.0,2.0,9.0,13.0,4.0,11.0,21.13,-33.19,-19.07,True,True,False,False,보통
전세,중구,1114017300,만리동1가,4.7918,4.5172,3.8755,4.0,23.0,13.0,40.0,27.0,36.0,-5.73,-14.21,-19.12,False,False,False,False,보통
전세,성북구,1129011900,동선동4가,3.3214,2.1112,2.5766,4.0,4.0,5.0,13.0,8.0,9.0,-36.44,22.04,-22.42,False,False,False,False,보통
전세,성북구,1129012000,동선동5가,2.7305,1.7177,2.0767,15.0,19.0,21.0,55.0,34.0,40.0,-37.09,20.89,-23.95,False,False,False,False,보통
전세,성북구,1129012200,안암동2가,3.5742,2.2894,2.6298,4.0,5.0,4.0,13.0,9.0,9.0,-35.95,14.87,-26.42,False,False,False,False,보통
전세,종로구,1111017100,명륜2가,2.8333,2.9898,2.0824,7.0,4.0,10.0,21.0,11.0,14.0,5.52,-30.35,-26.5,False,False,False,False,보통
전세,동대문구,1123010900,휘경동,3.5095,2.5414,2.5483,156.0,86.0,188.0,430.0,242.0,274.0,-27.58,0.27,-27.39,False,False,False,False,보통
전세,성북구,1129013100,보문동2가,3.2102,2.8242,2.191,5.0,15.0,9.0,29.0,20.0,24.0,-12.02,-22.42,-31.75,False,False,False,False,보통
전세,중구,1114013800,필동2가,3.539,2.924,2.4024,4.0,6.0,5.0,15.0,10.0,11.0,-17.38,-17.84,-32.12,False,False,False,False,보통
전세,강서구,1150011000,개화동,,1.8685,,0.0,1.0,0.0,1.0,1.0,1.0,,,,True,True,True,True,낮음
전세,서대문구,1141010300,합동,,1.7822,,0.0,1.0,0.0,1.0,1.0,1.0,,,,True,True,True,True,낮음
전세,서대문구,1141010500,냉천동,,,2.752,0.0,0.0,2.0,2.0,0.0,2.0,,,,True,True,True,True,낮음
전세,서대문구,1141010800,영천동,,4.8556,5.1316,0.0,3.0,8.0,11.0,3.0,11.0,,5.69,,True,False,False,False,보통
전세,성북구,1129010400,동소문동1가,1.9182,1.6195,,5.0,5.0,0.0,10.0,10.0,5.0,-15.57,,,False,False,True,False,보통
전세,성북구,1129012400,안암동4가,,3.5333,3.3344,0.0,4.0,5.0,9.0,4.0,9.0,,-5.63,,True,False,False,False,보통
전세,성북구,1129012600,보문동4가,,,2.6554,0.0,0.0,2.0,2.0,0.0,2.0,,,,True,True,True,True,낮음
전세,성북구,1129013200,보문동3가,3.0846,,,2.0,0.0,0.0,2.0,2.0,0.0,,,,True,True,True,True,낮음
전세,영등포구,1156011200,당산동2가,4.9572,2.5648,,3.0,1.0,0.0,4.0,4.0,1.0,-48.26,,,False,True,True,False,보통
전세,영등포구,1156011500,당산동5가,,1.8075,,0.0,1.0,0.0,1.0,1.0,1.0,,,,True,True,True,True,낮음
전세,종로구,1111010500,창성동,2.5734,2.3765,,1.0,1.0,0.0,2.0,2.0,1.0,-7.65,,,True,True,True,True,낮음
전세,종로구,1111011000,누하동,3.244,2.4213,,1.0,5.0,0.0,6.0,6.0,5.0,-25.36,,,True,False,True,False,보통
전세,종로구,1111014000,삼청동,,0.2556,,0.0,1.0,0.0,1.0,1.0,1.0,,,,True,True,True,True,낮음
전세,종로구,1111014100,안국동,,2.6435,3.0329,0.0,2.0,1.0,3.0,2.0,3.0,,14.73,,True,True,True,False,보통
전세,종로구,1111018700,무악동,1.3466,1.4162,,3.0,4.0,0.0,7.0,7.0,4.0,5.17,,,False,False,True,False,보통
전세,중구,1114011200,남창동,2.7179,2.6709,,1.0,2.0,0.0,3.0,3.0,2.0,-1.73,,,True,True,True,False,보통
전세,중구,1114012200,회현동2가,2.3547,,,1.0,0.0,0.0,1.0,1.0,0.0,,,,True,True,True,True,낮음
전세,중구,1114012300,회현동3가,,5.704,6.1152,0.0,3.0,1.0,4.0,3.0,4.0,,7.21,,True,False,True,False,보통
전세,중구,1114012900,남산동2가,3.0975,4.6637,,3.0,2.0,0.0,5.0,5.0,2.0,50.56,,,False,True,True,False,보통
월세,마포구,1144010700,마포동,2.643,7.2038,8.619,28.0,43.0,125.0,196.0,71.0,168.0,172.56,19.64,226.1,False,False,False,False,보통
월세,영등포구,1156012600,양평동2가,1.5757,5.8665,4.7837,3.0,12.0,16.0,31.0,15.0,28.0,272.31,-18.46,203.59,False,False,False,False,보통
월세,종로구,1111014600,가회동,2.2672,2.8835,4.1675,8.0,6.0,19.0,33.0,14.0,25.0,27.18,44.53,83.81,False,False,False,False,보통
월세,용산구,1117012600,용산동3가,2.6733,5.8585,4.5887,1.0,1.0,4.0,6.0,2.0,5.0,119.15,-21.68,71.65,True,True,False,False,보통
월세,구로구,1153010100,신도림동,1.6705,2.2605,2.8156,10.0,23.0,25.0,58.0,33.0,48.0,35.32,24.56,68.55,False,False,False,False,보통
월세,마포구,1144010600,토정동,2.2656,3.194,3.6317,2.0,2.0,7.0,11.0,4.0,9.0,40.98,13.7,60.3,True,True,False,False,보통
월세,영등포구,1156011900,문래동1가,2.8914,4.9786,4.5046,3.0,3.0,15.0,21.0,6.0,18.0,72.19,-9.52,55.79,False,False,False,False,보통
월세,마포구,1144011200,현석동,2.6684,2.8434,4.0184,9.0,26.0,19.0,54.0,35.0,45.0,6.56,41.33,50.59,False,False,False,False,보통
월세,영등포구,1156013000,양평동6가,2.3646,2.6355,3.4918,207.0,139.0,197.0,543.0,346.0,336.0,11.46,32.49,47.67,False,False,False,False,보통
월세,성북구,1129010400,동소문동1가,2.2825,3.2905,3.2924,4.0,7.0,26.0,37.0,11.0,33.0,44.16,0.06,44.24,False,False,False,False,보통
월세,종로구,1111011000,누하동,2.1404,2.4885,3.067,3.0,3.0,10.0,16.0,6.0,13.0,16.26,23.25,43.29,False,False,False,False,보통
월세,성북구,1129011100,삼선동1가,1.3568,1.5424,1.9307,28.0,34.0,58.0,120.0,62.0,92.0,13.68,25.17,42.3,False,False,False,False,보통
월세,성북구,1129013400,길음동,1.9603,2.6246,2.7228,28.0,32.0,28.0,88.0,60.0,60.0,33.89,3.74,38.9,False,False,False,False,보통
월세,중구,1114014300,장충동1가,2.7663,3.7582,3.8371,40.0,28.0,54.0,122.0,68.0,82.0,35.86,2.1,38.71,False,False,False,False,보통
월세,영등포구,1156011800,도림동,2.0671,2.7834,2.8469,49.0,74.0,163.0,286.0,123.0,237.0,34.65,2.28,37.73,False,False,False,False,보통
월세,용산구,1117012800,한강로3가,2.0063,2.63,2.75,5.0,5.0,10.0,20.0,10.0,15.0,31.09,4.56,37.06,False,False,False,False,보통
월세,중구,1114013800,필동2가,2.1376,1.9425,2.9077,14.0,14.0,23.0,51.0,28.0,37.0,-9.13,49.69,36.03,False,False,False,False,보통
월세,종로구,1111010800,통인동,2.2321,2.2803,2.9552,1.0,3.0,2.0,6.0,4.0,5.0,2.16,29.6,32.39,True,False,True,False,보통
월세,용산구,1117013100,한남동,3.8512,4.3835,5.0216,110.0,87.0,272.0,469.0,197.0,359.0,13.82,14.56,30.39,False,False,False,False,보통
월세,성북구,1129012400,안암동4가,2.3432,3.3328,3.0305,7.0,10.0,12.0,29.0,17.0,22.0,42.23,-9.07,29.33,False,False,False,False,보통
월세,서대문구,1141011600,창천동,2.8584,3.4053,3.6729,233.0,323.0,779.0,1335.0,556.0,1102.0,19.13,7.86,28.49,False,False,False,False,보통
월세,성북구,1129012700,보문동5가,2.6935,3.8127,3.4094,8.0,14.0,18.0,40.0,22.0,32.0,41.55,-10.58,26.58,False,False,False,False,보통
월세,성동구,1120011000,금호동2가,1.5548,1.9643,1.9482,2.0,8.0,12.0,22.0,10.0,20.0,26.33,-0.82,25.3,True,False,False,False,보통
월세,성북구,1129010300,돈암동,2.1665,2.4813,2.7063,20.0,27.0,30.0,77.0,47.0,57.0,14.53,9.07,24.91,False,False,False,False,보통
월세,구로구,1153010600,고척동,1.5031,1.6523,1.8733,115.0,147.0,219.0,481.0,262.0,366.0,9.93,13.38,24.63,False,False,False,False,보통
월세,금천구,1154510300,시흥동,1.9359,2.2797,2.4121,369.0,442.0,868.0,1679.0,811.0,1310.0,17.76,5.81,24.6,False,False,False,False,보통
월세,마포구,1144010400,도화동,2.7079,3.0212,3.3457,49.0,40.0,112.0,201.0,89.0,152.0,11.57,10.74,23.55,False,False,False,False,보통
월세,성북구,1129012900,보문동7가,3.1204,3.8429,3.8536,14.0,10.0,27.0,51.0,24.0,37.0,23.16,0.28,23.5,False,False,False,False,보통
월세,마포구,1144011000,노고산동,3.9532,4.5872,4.8055,61.0,47.0,121.0,229.0,108.0,168.0,16.04,4.76,21.56,False,False,False,False,보통
월세,영등포구,1156010100,영등포동,2.343,2.9487,2.8403,36.0,56.0,153.0,245.0,92.0,209.0,25.85,-3.68,21.22,False,False,False,False,보통
월세,용산구,1117012500,한강로2가,3.4754,3.9898,4.2076,11.0,6.0,23.0,40.0,17.0,29.0,14.8,5.46,21.07,False,False,False,False,보통
월세,종로구,1111016500,이화동,2.8196,2.9775,3.3988,15.0,15.0,38.0,68.0,30.0,53.0,5.6,14.15,20.54,False,False,False,False,보통
월세,성동구,1120010800,응봉동,1.4323,1.9439,1.7211,34.0,31.0,63.0,128.0,65.0,94.0,35.72,-11.46,20.16,False,False,False,False,보통
월세,성동구,1120012200,용답동,3.5153,3.6041,4.2236,105.0,73.0,151.0,329.0,178.0,224.0,2.53,17.19,20.15,False,False,False,False,보통
월세,성동구,1120011500,성수동2가,2.8039,3.4005,3.3582,100.0,118.0,204.0,422.0,218.0,322.0,21.28,-1.25,19.77,False,False,False,False,보통
월세,중구,1114017100,중림동,1.8584,2.0711,2.2211,14.0,11.0,44.0,69.0,25.0,55.0,11.45,7.24,19.52,False,False,False,False,보통
월세,성북구,1129011800,동선동3가,2.1383,2.1863,2.5535,29.0,54.0,126.0,209.0,83.0,180.0,2.24,16.8,19.42,False,False,False,False,보통
월세,강서구,1150010500,마곡동,2.3014,2.5265,2.7473,28.0,60.0,152.0,240.0,88.0,212.0,9.78,8.74,19.37,False,False,False,False,보통
월세,마포구,1144012000,서교동,2.9873,3.2048,3.5656,431.0,515.0,1118.0,2064.0,946.0,1633.0,7.28,11.26,19.36,False,False,False,False,보통
월세,서대문구,1141011100,홍제동,2.1302,2.4404,2.5272,168.0,205.0,404.0,777.0,373.0,609.0,14.56,3.56,18.64,False,False,False,False,보통
월세,영등포구,1156010500,영등포동4가,4.2132,5.0097,4.9853,11.0,24.0,46.0,81.0,35.0,70.0,18.91,-0.49,18.33,False,False,False,False,보통
월세,서대문구,1141010800,영천동,2.1112,2.0066,2.4933,5.0,4.0,4.0,13.0,9.0,8.0,-4.95,24.25,18.1,False,False,False,False,보통
월세,성북구,1129013500,종암동,2.518,2.8603,2.9728,143.0,166.0,313.0,622.0,309.0,479.0,13.6,3.93,18.06,False,False,False,False,보통
월세,종로구,1111010900,누상동,2.1065,2.2869,2.4814,29.0,42.0,87.0,158.0,71.0,129.0,8.56,8.5,17.8,False,False,False,False,보통
월세,용산구,1117011300,원효로2가,4.07,5.4421,4.7909,20.0,21.0,54.0,95.0,41.0,75.0,33.71,-11.97,17.71,False,False,False,False,보통
월세,송파구,1171011300,거여동,2.6193,2.8781,3.0809,101.0,126.0,215.0,442.0,227.0,341.0,9.88,7.05,17.63,False,False,False,False,보통
월세,동작구,1159010600,동작동,1.4623,1.896,1.7147,9.0,10.0,22.0,41.0,19.0,32.0,29.66,-9.56,17.26,False,False,False,False,보통
월세,마포구,1144012100,동교동,3.303,3.4267,3.8727,62.0,73.0,150.0,285.0,135.0,223.0,3.74,13.02,17.25,False,False,False,False,보통
월세,종로구,1111017200,명륜4가,3.0553,3.5322,3.5807,2.0,18.0,81.0,101.0,20.0,99.0,15.61,1.37,17.19,True,False,False,False,보통
월세,용산구,1117011500,산천동,1.9597,1.955,2.2928,4.0,1.0,6.0,11.0,5.0,7.0,-0.24,17.28,17.0,False,True,False,False,보통
월세,용산구,1117011200,원효로1가,3.3993,3.7265,3.967,48.0,68.0,100.0,216.0,116.0,168.0,9.63,6.45,16.7,False,False,False,False,보통
월세,성북구,1129011200,삼선동2가,2.4622,3.0212,2.8624,10.0,11.0,17.0,38.0,21.0,28.0,22.7,-5.26,16.25,False,False,False,False,보통
월세,강서구,1150010600,내발산동,2.5014,2.9045,2.8979,207.0,295.0,435.0,937.0,502.0,730.0,16.11,-0.22,15.85,False,False,False,False,보통
월세,마포구,1144011600,하중동,3.126,3.8676,3.6171,5.0,4.0,9.0,18.0,9.0,13.0,23.72,-6.48,15.71,False,False,False,False,보통
월세,서대문구,1141010500,냉천동,4.1942,4.5393,4.8435,8.0,10.0,9.0,27.0,18.0,19.0,8.23,6.7,15.48,False,False,False,False,보통
월세,서대문구,1141010200,충정로3가,1.7463,1.9698,2.0135,19.0,29.0,38.0,86.0,48.0,67.0,12.8,2.22,15.3,False,False,False,False,보통
월세,영등포구,1156011600,당산동6가,3.903,3.9738,4.5003,74.0,131.0,236.0,441.0,205.0,367.0,1.82,13.25,15.3,False,False,False,False,보통
월세,용산구,1117012400,한강로1가,3.3874,2.7663,3.9026,12.0,6.0,12.0,30.0,18.0,18.0,-18.34,41.08,15.21,False,False,False,False,보통
월세,종로구,1111011100,옥인동,2.3826,2.1367,2.7448,13.0,21.0,45.0,79.0,34.0,66.0,-10.32,28.46,15.2,False,False,False,False,보통
월세,용산구,1117013000,이태원동,3.0257,3.3912,3.4831,102.0,153.0,380.0,635.0,255.0,533.0,12.08,2.71,15.12,False,False,False,False,보통
월세,강서구,1150010100,염창동,3.2966,3.8133,3.7865,71.0,126.0,303.0,500.0,197.0,429.0,15.67,-0.7,14.86,False,False,False,False,보통
월세,성북구,1129011500,삼선동5가,2.4539,2.2759,2.8171,34.0,31.0,57.0,122.0,65.0,88.0,-7.25,23.78,14.8,False,False,False,False,보통
월세,마포구,1144010800,대흥동,3.5862,3.6007,4.111,36.0,51.0,106.0,193.0,87.0,157.0,0.41,14.17,14.64,False,False,False,False,보통
월세,영등포구,1156012900,양평동5가,3.9156,4.1192,4.485,31.0,50.0,165.0,246.0,81.0,215.0,5.2,8.88,14.54,False,False,False,False,보통
월세,종로구,1111017900,홍파동,1.9831,2.2314,2.2671,1.0,1.0,5.0,7.0,2.0,6.0,12.52,1.6,14.32,True,True,False,False,보통
월세,구로구,1153010800,오류동,1.6763,1.9035,1.9149,218.0,203.0,472.0,893.0,421.0,675.0,13.55,0.6,14.23,False,False,False,False,보통
월세,종로구,1111010500,창성동,2.58,3.4166,2.9421,1.0,5.0,3.0,9.0,6.0,8.0,32.43,-13.89,14.04,True,False,False,False,보통
월세,서초구,1165010300,우면동,2.3177,2.4811,2.6362,127.0,100.0,217.0,444.0,227.0,317.0,7.05,6.25,13.74,False,False,False,False,보통
월세,마포구,1144010900,염리동,3.3689,3.425,3.8305,71.0,63.0,177.0,311.0,134.0,240.0,1.66,11.84,13.7,False,False,False,False,보통
월세,성북구,1129011300,삼선동3가,2.0351,2.3129,2.309,30.0,20.0,41.0,91.0,50.0,61.0,13.65,-0.17,13.46,False,False,False,False,보통
월세,종로구,1111018700,무악동,1.5391,1.5856,1.7451,9.0,4.0,14.0,27.0,13.0,18.0,3.02,10.06,13.39,False,False,False,False,보통
월세,마포구,1144010200,공덕동,3.1862,3.5465,3.6099,14.0,32.0,71.0,117.0,46.0,103.0,11.31,1.79,13.3,False,False,False,False,보통
월세,성북구,1129012100,안암동1가,2.8302,3.0445,3.205,17.0,33.0,49.0,99.0,50.0,82.0,7.57,5.27,13.24,False,False,False,False,보통
월세,동대문구,1123010200,용두동,3.278,3.3773,3.7105,101.0,113.0,257.0,471.0,214.0,370.0,3.03,9.87,13.2,False,False,False,False,보통
월세,용산구,1117010200,용산동2가,1.9746,2.1372,2.2284,82.0,113.0,136.0,331.0,195.0,249.0,8.23,4.27,12.85,False,False,False,False,보통
월세,중구,1114016500,황학동,3.8386,3.8944,4.331,29.0,45.0,133.0,207.0,74.0,178.0,1.45,11.21,12.83,False,False,False,False,보통
월세,성북구,1129010200,성북동1가,2.1895,2.0797,2.4668,22.0,18.0,74.0,114.0,40.0,92.0,-5.01,18.62,12.67,False,False,False,False,보통
월세,동작구,1159010900,신대방동,2.7011,2.8882,3.0414,195.0,215.0,454.0,864.0,410.0,669.0,6.93,5.3,12.6,False,False,False,False,보통
월세,용산구,1117012100,용문동,3.2293,3.4057,3.6364,87.0,105.0,238.0,430.0,192.0,343.0,5.46,6.77,12.6,False,False,False,False,보통
월세,서대문구,1141010600,천연동,1.9373,2.2759,2.1806,8.0,8.0,20.0,36.0,16.0,28.0,17.48,-4.19,12.55,False,False,False,False,보통
월세,영등포구,1156011100,당산동1가,4.2481,4.8162,4.7747,86.0,126.0,338.0,550.0,212.0,464.0,13.37,-0.86,12.4,False,False,False,False,보통
월세,종로구,1111011500,사직동,1.838,2.0498,2.0589,12.0,11.0,33.0,56.0,23.0,44.0,11.52,0.44,12.02,False,False,False,False,보통
월세,금천구,1154510100,가산동,3.1868,3.0814,3.5686,202.0,255.0,450.0,907.0,457.0,705.0,-3.31,15.81,11.98,False,False,False,False,보통
월세,강동구,1174010800,성내동,2.598,2.8878,2.9008,815.0,1076.0,2165.0,4056.0,1891.0,3241.0,11.15,0.45,11.65,False,False,False,False,보통
월세,서초구,1165010200,양재동,3.0268,3.2578,3.3699,730.0,745.0,1607.0,3082.0,1475.0,2352.0,7.63,3.44,11.33,False,False,False,False,보통
월세,종로구,1111010100,청운동,2.8816,2.5693,3.207,8.0,5.0,33.0,46.0,13.0,38.0,-10.84,24.82,11.29,False,False,False,False,보통
월세,구로구,1153010900,궁동,1.2948,1.4129,1.4386,186.0,199.0,362.0,747.0,385.0,561.0,9.12,1.82,11.11,False,False,False,False,보통
월세,강서구,1150010200,등촌동,3.1642,3.6861,3.515,314.0,469.0,887.0,1670.0,783.0,1356.0,16.49,-4.64,11.08,False,False,False,False,보통
월세,용산구,1117010900,청파동1가,2.2186,2.0171,2.4617,51.0,93.0,160.0,304.0,144.0,253.0,-9.08,22.04,10.95,False,False,False,False,보통
월세,종로구,1111017100,명륜2가,2.9975,3.2424,3.3257,33.0,49.0,125.0,207.0,82.0,174.0,8.17,2.57,10.95,False,False,False,False,보통
월세,영등포구,1156010400,영등포동3가,4.285,4.8578,4.7524,4.0,8.0,19.0,31.0,12.0,27.0,13.37,-2.17,10.91,False,False,False,False,보통
월세,강서구,1150010400,가양동,2.73,3.2428,3.0277,83.0,59.0,142.0,284.0,142.0,201.0,18.78,-6.63,10.9,False,False,False,False,보통
월세,중구,1114017400,만리동2가,0.8126,0.8508,0.8986,2.0,1.0,6.0,9.0,3.0,7.0,4.69,5.63,10.58,True,True,False,False,보통
월세,종로구,1111016800,동숭동,2.1262,2.4684,2.3407,53.0,78.0,161.0,292.0,131.0,239.0,16.09,-5.17,10.09,False,False,False,False,보통
월세,성동구,1120010500,마장동,3.3973,3.4641,3.7379,102.0,119.0,265.0,486.0,221.0,384.0,1.97,7.9,10.03,False,False,False,False,보통
월세,송파구,1171011400,마천동,1.7927,1.9218,1.9713,162.0,188.0,341.0,691.0,350.0,529.0,7.2,2.58,9.96,False,False,False,False,보통
월세,구로구,1153010200,구로동,1.9303,2.3364,2.1218,353.0,447.0,879.0,1679.0,800.0,1326.0,21.04,-9.18,9.92,False,False,False,False,보통
월세,송파구,1171010500,석촌동,2.7161,2.938,2.9795,1452.0,1676.0,3539.0,6667.0,3128.0,5215.0,8.17,1.41,9.7,False,False,False,False,보통
월세,서대문구,1141011300,대신동,2.4632,2.6313,2.6986,43.0,52.0,167.0,262.0,95.0,219.0,6.82,2.56,9.55,False,False,False,False,보통
월세,중랑구,1126010600,신내동,2.1436,1.974,2.3479,37.0,44.0,91.0,172.0,81.0,135.0,-7.91,18.94,9.53,False,False,False,False,보통
월세,관악구,1162010100,봉천동,2.9151,3.1684,3.1923,1098.0,1453.0,3032.0,5583.0,2551.0,4485.0,8.69,0.75,9.51,False,False,False,False,보통
월세,영등포구,1156011700,당산동,3.5426,3.82,3.8791,32.0,57.0,128.0,217.0,89.0,185.0,7.83,1.55,9.5,False,False,False,False,보통
월세,종로구,1111011800,내수동,2.5595,3.2484,2.7985,1.0,2.0,6.0,9.0,3.0,8.0,26.92,-13.85,9.34,True,True,False,False,보통
월세,강서구,1150010700,외발산동,2.2363,2.118,2.4435,19.0,12.0,33.0,64.0,31.0,45.0,-5.29,15.37,9.26,False,False,False,False,보통
월세,영등포구,1156010300,영등포동2가,4.1386,4.5696,4.5198,98.0,155.0,311.0,564.0,253.0,466.0,10.41,-1.09,9.21,False,False,False,False,보통
월세,성동구,1120010600,사근동,2.906,3.2693,3.1725,60.0,51.0,128.0,239.0,111.0,179.0,12.5,-2.96,9.17,False,False,False,False,보통
월세,강서구,1150010900,방화동,2.4771,2.7486,2.7034,245.0,345.0,649.0,1239.0,590.0,994.0,10.96,-1.64,9.14,False,False,False,False,보통
월세,중구,1114016400,무학동,4.9694,5.4103,5.4167,1.0,4.0,6.0,11.0,5.0,10.0,8.87,0.12,9.0,True,False,False,False,보통
월세,송파구,1171010100,잠실동,2.7503,2.9253,2.9966,1197.0,1288.0,2709.0,5194.0,2485.0,3997.0,6.36,2.44,8.95,False,False,False,False,보통
월세,강남구,1168010400,청담동,3.7312,4.0201,4.0553,180.0,153.0,425.0,758.0,333.0,578.0,7.74,0.88,8.69,False,False,False,False,보통
월세,강남구,1168010600,대치동,3.0864,3.2832,3.3522,580.0,625.0,1193.0,2398.0,1205.0,1818.0,6.37,2.1,8.61,False,False,False,False,보통
월세,용산구,1117011800,원효로4가,3.2763,3.2783,3.5559,26.0,16.0,50.0,92.0,42.0,66.0,0.06,8.47,8.53,False,False,False,False,보통
월세,성동구,1120011800,송정동,2.6951,2.7935,2.9233,35.0,46.0,104.0,185.0,81.0,150.0,3.65,4.65,8.47,False,False,False,False,보통
월세,중구,1114013900,필동3가,3.4809,3.8874,3.7753,7.0,12.0,34.0,53.0,19.0,46.0,11.68,-2.88,8.46,False,False,False,False,보통
월세,서대문구,1141010100,충정로2가,3.0994,2.597,3.3604,11.0,2.0,25.0,38.0,13.0,27.0,-16.21,29.39,8.42,False,True,False,False,보통
월세,은평구,1138011000,증산동,1.6018,2.006,1.736,43.0,52.0,123.0,218.0,95.0,175.0,25.24,-13.46,8.38,False,False,False,False,보통
월세,강서구,1150010800,공항동,2.6353,2.7233,2.8546,223.0,289.0,553.0,1065.0,512.0,842.0,3.34,4.82,8.32,False,False,False,False,보통
월세,용산구,1117010100,후암동,2.5046,2.7162,2.7073,149.0,172.0,384.0,705.0,321.0,556.0,8.45,-0.33,8.09,False,False,False,False,보통
월세,성북구,1129011700,동선동2가,2.3977,2.3034,2.5906,28.0,39.0,96.0,163.0,67.0,135.0,-3.93,12.47,8.05,False,False,False,False,보통
월세,은평구,1138010200,녹번동,2.3429,2.463,2.5313,263.0,322.0,544.0,1129.0,585.0,866.0,5.13,2.77,8.04,False,False,False,False,보통
월세,영등포구,1156010700,영등포동6가,3.9774,4.4728,4.296,69.0,84.0,184.0,337.0,153.0,268.0,12.46,-3.95,8.01,False,False,False,False,보통
월세,영등포구,1156013300,대림동,2.1417,2.3048,2.3126,317.0,272.0,554.0,1143.0,589.0,826.0,7.62,0.34,7.98,False,False,False,False,보통
월세,중랑구,1126010100,면목동,2.7823,3.0483,3.0029,657.0,957.0,1607.0,3221.0,1614.0,2564.0,9.56,-1.49,7.93,False,False,False,False,보통
월세,성북구,1129012300,안암동3가,1.5064,1.6502,1.6257,4.0,14.0,37.0,55.0,18.0,51.0,9.54,-1.49,7.92,False,False,False,False,보통
월세,서초구,1165010600,잠원동,3.3742,3.2699,3.6399,87.0,110.0,246.0,443.0,197.0,356.0,-3.09,11.31,7.87,False,False,False,False,보통
월세,성북구,1129013600,하월곡동,3.42,3.3881,3.6872,69.0,68.0,180.0,317.0,137.0,248.0,-0.93,8.83,7.81,False,False,False,False,보통
월세,성북구,1129012000,동선동5가,2.349,2.9174,2.5312,18.0,26.0,56.0,100.0,44.0,82.0,24.2,-13.24,7.76,False,False,False,False,보통
월세,용산구,1117011900,효창동,3.2003,3.3481,3.4431,94.0,98.0,232.0,424.0,192.0,330.0,4.62,2.84,7.59,False,False,False,False,보통
월세,동대문구,1123010300,제기동,2.8337,2.9518,3.0434,108.0,165.0,439.0,712.0,273.0,604.0,4.17,3.1,7.4,False,False,False,False,보통
월세,강동구,1174010600,둔촌동,2.7333,2.9051,2.9291,196.0,229.0,459.0,884.0,425.0,688.0,6.28,0.83,7.16,False,False,False,False,보통
월세,용산구,1117011400,신창동,2.7963,2.7741,2.9917,32.0,10.0,39.0,81.0,42.0,49.0,-0.79,7.85,6.99,False,False,False,False,보통
월세,강남구,1168010300,개포동,3.1965,3.3358,3.4163,318.0,363.0,635.0,1316.0,681.0,998.0,4.36,2.41,6.87,False,False,False,False,보통
월세,영등포구,1156012100,문래동3가,4.5546,4.9834,4.8674,2.0,4.0,13.0,19.0,6.0,17.0,9.41,-2.33,6.87,True,False,False,False,보통
월세,동작구,1159010200,상도동,2.7575,2.834,2.946,684.0,903.0,1911.0,3498.0,1587.0,2814.0,2.77,3.95,6.84,False,False,False,False,보통
월세,노원구,1135010600,중계동,1.4626,1.5787,1.5609,33.0,41.0,88.0,162.0,74.0,129.0,7.94,-1.13,6.72,False,False,False,False,보통
월세,동작구,1159010300,상도1동,3.2878,3.3429,3.5049,231.0,224.0,517.0,972.0,455.0,741.0,1.67,4.85,6.6,False,False,False,False,보통
월세,강동구,1174010900,천호동,3.0682,3.1872,3.2693,907.0,1135.0,2288.0,4330.0,2042.0,3423.0,3.88,2.58,6.55,False,False,False,False,보통
월세,서대문구,1141012000,남가좌동,2.2402,2.449,2.383,110.0,144.0,363.0,617.0,254.0,507.0,9.32,-2.69,6.38,False,False,False,False,보통
월세,마포구,1144012300,망원동,2.8229,2.984,3.0019,558.0,679.0,1242.0,2479.0,1237.0,1921.0,5.71,0.6,6.34,False,False,False,False,보통
월세,서대문구,1141011800,홍은동,2.0418,2.0633,2.1703,253.0,304.0,523.0,1080.0,557.0,827.0,1.05,5.19,6.29,False,False,False,False,보통
월세,종로구,1111017400,창신동,1.9207,1.7654,2.0411,49.0,109.0,170.0,328.0,158.0,279.0,-8.08,15.62,6.27,False,False,False,False,보통
월세,성북구,1129012500,안암동5가,4.3231,4.5473,4.5934,29.0,72.0,154.0,255.0,101.0,226.0,5.19,1.01,6.25,False,False,False,False,보통
월세,서초구,1165011100,신원동,3.2106,3.1584,3.4096,1.0,4.0,11.0,16.0,5.0,15.0,-1.63,7.95,6.2,True,False,False,False,보통
월세,종로구,1111010200,신교동,2.0938,2.3664,2.2237,29.0,33.0,61.0,123.0,62.0,94.0,13.02,-6.03,6.2,False,False,False,False,보통
월세,광진구,1121510100,중곡동,2.8929,3.0695,3.0715,869.0,927.0,1865.0,3661.0,1796.0,2792.0,6.11,0.07,6.18,False,False,False,False,보통
월세,성동구,1120010900,금호동1가,1.6317,1.7914,1.7322,18.0,30.0,38.0,86.0,48.0,68.0,9.79,-3.31,6.16,False,False,False,False,보통
월세,종로구,1111015500,관수동,6.4296,6.7523,6.8213,2.0,2.0,11.0,15.0,4.0,13.0,5.02,1.02,6.09,True,True,False,False,보통
월세,성북구,1129011600,동선동1가,4.9479,5.104,5.2462,15.0,35.0,60.0,110.0,50.0,95.0,3.15,2.79,6.03,False,False,False,False,보통
월세,중구,1114014400,장충동2가,2.1489,2.2995,2.2782,146.0,186.0,483.0,815.0,332.0,669.0,7.01,-0.93,6.02,False,False,False,False,보통
월세,강서구,1150010300,화곡동,2.3278,2.3917,2.4674,2249.0,3090.0,6347.0,11686.0,5339.0,9437.0,2.75,3.17,6.0,False,False,False,False,보통
월세,마포구,1144012200,합정동,2.9597,3.1036,3.1361,362.0,437.0,824.0,1623.0,799.0,1261.0,4.86,1.05,5.96,False,False,False,False,보통
월세,광진구,1121510900,군자동,3.2997,3.2675,3.4951,153.0,208.0,489.0,850.0,361.0,697.0,-0.97,6.97,5.92,False,False,False,False,보통
월세,송파구,1171010400,송파동,2.9481,3.054,3.1188,1388.0,1476.0,2845.0,5709.0,2864.0,4321.0,3.59,2.12,5.79,False,False,False,False,보통
월세,은평구,1138010300,불광동,2.1228,2.2075,2.2456,462.0,584.0,952.0,1998.0,1046.0,1536.0,3.99,1.73,5.78,False,False,False,False,보통
월세,광진구,1121510500,자양동,3.2181,3.5757,3.4026,686.0,817.0,1504.0,3007.0,1503.0,2321.0,11.11,-4.84,5.73,False,False,False,False,보통
월세,종로구,1111018500,홍지동,1.9276,1.9301,2.0375,7.0,6.0,12.0,25.0,13.0,18.0,0.13,5.56,5.7,False,False,False,False,보통
월세,강남구,1168011800,도곡동,3.6487,3.9364,3.8528,120.0,169.0,278.0,567.0,289.0,447.0,7.88,-2.12,5.59,False,False,False,False,보통
월세,서초구,1165010100,방배동,3.4265,3.4362,3.6148,1240.0,1340.0,2470.0,5050.0,2580.0,3810.0,0.28,5.2,5.5,False,False,False,False,보통
월세,광진구,1121510300,구의동,3.0087,3.1566,3.1737,844.0,957.0,1946.0,3747.0,1801.0,2903.0,4.92,0.54,5.49,False,False,False,False,보통
월세,동대문구,1123010600,장안동,2.5815,2.605,2.7232,317.0,357.0,777.0,1451.0,674.0,1134.0,0.91,4.54,5.49,False,False,False,False,보통
월세,중구,1114016200,신당동,3.0612,3.1211,3.2256,313.0,450.0,865.0,1628.0,763.0,1315.0,1.96,3.35,5.37,False,False,False,False,보통
월세,마포구,1144012500,성산동,2.8453,2.8707,2.9978,424.0,541.0,969.0,1934.0,965.0,1510.0,0.89,4.43,5.36,False,False,False,False,보통
월세,송파구,1171011100,방이동,2.7708,2.8915,2.9194,1030.0,1157.0,2218.0,4405.0,2187.0,3375.0,4.35,0.97,5.36,False,False,False,False,보통
월세,종로구,1111012100,신문로2가,3.8898,4.1861,4.0973,9.0,5.0,29.0,43.0,14.0,34.0,7.62,-2.12,5.33,False,False,False,False,보통
월세,서대문구,1141010700,옥천동,3.9704,3.2456,4.1794,10.0,10.0,10.0,30.0,20.0,20.0,-18.25,28.77,5.26,False,False,False,False,보통
월세,동대문구,1123011000,이문동,2.7801,3.0126,2.9237,87.0,110.0,317.0,514.0,197.0,427.0,8.36,-2.95,5.17,False,False,False,False,보통
월세,성북구,1129011400,삼선동4가,3.1523,3.3788,3.3144,42.0,42.0,92.0,176.0,84.0,134.0,7.19,-1.9,5.14,False,False,False,False,보통
월세,광진구,1121510400,광장동,2.3669,2.3424,2.4881,43.0,55.0,95.0,193.0,98.0,150.0,-1.03,6.22,5.12,False,False,False,False,보통
월세,송파구,1171010700,가락동,2.8814,3.0016,3.0279,799.0,831.0,1834.0,3464.0,1630.0,2665.0,4.17,0.88,5.08,False,False,False,False,보통
월세,강동구,1174010500,길동,2.6306,2.6973,2.7628,329.0,406.0,923.0,1658.0,735.0,1329.0,2.53,2.43,5.02,False,False,False,False,보통
월세,성북구,1129010700,동소문동4가,2.3044,1.9681,2.4166,24.0,31.0,63.0,118.0,55.0,94.0,-14.59,22.79,4.87,False,False,False,False,보통
월세,서초구,1165010700,반포동,3.3536,3.3623,3.5142,365.0,431.0,1049.0,1845.0,796.0,1480.0,0.26,4.52,4.79,False,False,False,False,보통
월세,동작구,1159010700,사당동,2.9762,3.0143,3.117,728.0,861.0,1803.0,3392.0,1589.0,2664.0,1.28,3.41,4.73,False,False,False,False,보통
월세,서대문구,1141011700,연희동,2.4998,2.5331,2.6161,327.0,435.0,1086.0,1848.0,762.0,1521.0,1.33,3.28,4.65,False,False,False,False,보통
월세,강동구,1174010700,암사동,2.5845,2.7175,2.7026,584.0,612.0,1287.0,2483.0,1196.0,1899.0,5.15,-0.55,4.57,False,False,False,False,보통
월세,은평구,1138010800,역촌동,2.1177,2.1782,2.2066,412.0,503.0,916.0,1831.0,915.0,1419.0,2.86,1.3,4.2,False,False,False,False,보통
월세,송파구,1171010600,삼전동,2.7239,2.8793,2.8375,1596.0,1651.0,3620.0,6867.0,3247.0,5271.0,5.71,-1.45,4.17,False,False,False,False,보통
월세,용산구,1117012300,신계동,3.6687,3.5824,3.8216,17.0,28.0,50.0,95.0,45.0,78.0,-2.35,6.68,4.17,False,False,False,False,보통
월세,강남구,1168010100,역삼동,3.7063,3.8014,3.8606,878.0,1049.0,2293.0,4220.0,1927.0,3342.0,2.56,1.56,4.16,False,False,False,False,보통
월세,마포구,1144010100,아현동,1.9666,2.4505,2.0482,38.0,83.0,170.0,291.0,121.0,253.0,24.61,-16.42,4.15,False,False,False,False,보통
월세,성북구,1129013700,상월곡동,2.6867,2.7598,2.7977,19.0,20.0,48.0,87.0,39.0,68.0,2.72,1.37,4.13,False,False,False,False,보통
월세,광진구,1121510200,능동,3.5124,3.3113,3.6565,184.0,214.0,422.0,820.0,398.0,636.0,-5.73,10.42,4.1,False,False,False,False,보통
월세,동작구,1159010500,흑석동,2.6345,2.4786,2.7426,40.0,41.0,127.0,208.0,81.0,168.0,-5.92,10.65,4.1,False,False,False,False,보통
월세,강남구,1168011200,자곡동,4.1329,4.1224,4.3,2.0,4.0,9.0,15.0,6.0,13.0,-0.25,4.31,4.04,True,False,False,False,보통
월세,종로구,1111018300,평창동,1.8112,2.0858,1.8822,46.0,42.0,90.0,178.0,88.0,132.0,15.16,-9.76,3.92,False,False,False,False,보통
월세,강북구,1130510200,번동,1.9811,2.2397,2.058,114.0,170.0,340.0,624.0,284.0,510.0,13.05,-8.11,3.88,False,False,False,False,보통
월세,종로구,1111013200,운니동,3.9901,4.1139,4.1405,2.0,9.0,9.0,20.0,11.0,18.0,3.1,0.65,3.77,True,False,False,False,보통
월세,영등포구,1156013200,신길동,2.8707,2.9221,2.976,245.0,275.0,617.0,1137.0,520.0,892.0,1.79,1.84,3.67,False,False,False,False,보통
월세,관악구,1162010300,남현동,3.2634,3.3744,3.3802,188.0,221.0,418.0,827.0,409.0,639.0,3.4,0.17,3.58,False,False,False,False,보통
월세,양천구,1147010200,목동,2.5089,2.5808,2.5933,860.0,1256.0,2387.0,4503.0,2116.0,3643.0,2.87,0.48,3.36,False,False,False,False,보통
월세,영등포구,1156012500,양평동1가,4.6393,4.9569,4.7935,19.0,26.0,84.0,129.0,45.0,110.0,6.85,-3.3,3.32,False,False,False,False,보통
월세,서대문구,1141011900,북가좌동,2.069,2.1504,2.1375,312.0,398.0,763.0,1473.0,710.0,1161.0,3.93,-0.6,3.31,False,False,False,False,보통
월세,성북구,1129013800,장위동,1.9707,1.9315,2.0359,220.0,254.0,384.0,858.0,474.0,638.0,-1.99,5.41,3.31,False,False,False,False,보통
월세,양천구,1147010100,신정동,2.3964,2.4138,2.4734,414.0,585.0,1282.0,2281.0,999.0,1867.0,0.73,2.47,3.22,False,False,False,False,보통
월세,중랑구,1126010200,상봉동,3.5276,3.6141,3.6381,400.0,413.0,954.0,1767.0,813.0,1367.0,2.45,0.66,3.13,False,False,False,False,보통
월세,노원구,1135010200,월계동,2.5261,2.2945,2.6021,125.0,188.0,356.0,669.0,313.0,544.0,-9.17,13.4,3.01,False,False,False,False,보통
월세,송파구,1171010800,문정동,3.0621,3.1206,3.1537,760.0,802.0,1642.0,3204.0,1562.0,2444.0,1.91,1.06,2.99,False,False,False,False,보통
월세,성북구,1129013900,석관동,2.72,2.4335,2.799,115.0,169.0,244.0,528.0,284.0,413.0,-10.53,15.02,2.91,False,False,False,False,보통
월세,서초구,1165010800,서초동,3.6544,3.9086,3.7583,533.0,582.0,1282.0,2397.0,1115.0,1864.0,6.96,-3.85,2.84,False,False,False,False,보통
월세,성동구,1120010400,도선동,4.1891,4.188,4.3077,26.0,27.0,101.0,154.0,53.0,128.0,-0.03,2.86,2.83,False,False,False,False,보통
월세,동대문구,1123010400,전농동,3.0281,3.0101,3.1133,126.0,166.0,348.0,640.0,292.0,514.0,-0.6,3.43,2.81,False,False,False,False,보통
월세,금천구,1154510200,독산동,2.8739,2.8925,2.9431,584.0,726.0,1487.0,2797.0,1310.0,2213.0,0.65,1.75,2.41,False,False,False,False,보통
월세,노원구,1135010400,하계동,2.4842,2.3149,2.5398,47.0,59.0,85.0,191.0,106.0,144.0,-6.81,9.72,2.24,False,False,False,False,보통
월세,동작구,1159010800,대방동,3.3909,3.6675,3.4659,244.0,324.0,605.0,1173.0,568.0,929.0,8.16,-5.5,2.21,False,False,False,False,보통
월세,중구,1114017300,만리동1가,3.5926,4.9514,3.6707,3.0,2.0,16.0,21.0,5.0,18.0,37.82,-25.86,2.18,False,True,False,False,보통
월세,종로구,1111018100,행촌동,1.8229,1.7788,1.8616,65.0,62.0,138.0,265.0,127.0,200.0,-2.42,4.66,2.12,False,False,False,False,보통
월세,영등포구,1156012800,양평동4가,3.7896,4.0658,3.8694,140.0,226.0,408.0,774.0,366.0,634.0,7.29,-4.83,2.11,False,False,False,False,보통
월세,영등포구,1156010200,영등포동1가,4.395,4.4997,4.4868,60.0,95.0,143.0,298.0,155.0,238.0,2.38,-0.29,2.09,False,False,False,False,보통
월세,서대문구,1141011200,대현동,5.0384,5.0433,5.14,48.0,57.0,187.0,292.0,105.0,244.0,0.1,1.92,2.02,False,False,False,False,보통
월세,종로구,1111014900,원서동,2.0624,2.1731,2.1037,46.0,33.0,76.0,155.0,79.0,109.0,5.37,-3.19,2.0,False,False,False,False,보통
월세,마포구,1144011800,당인동,2.2682,2.2853,2.3134,27.0,29.0,66.0,122.0,56.0,95.0,0.75,1.23,1.99,False,False,False,False,보통
월세,도봉구,1132010500,쌍문동,1.8423,1.8934,1.8775,249.0,352.0,615.0,1216.0,601.0,967.0,2.77,-0.84,1.91,False,False,False,False,보통
월세,강남구,1168010800,논현동,3.7968,3.8704,3.868,778.0,760.0,1556.0,3094.0,1538.0,2316.0,1.94,-0.06,1.87,False,False,False,False,보통
월세,용산구,1117012200,문배동,5.4231,6.1759,5.5241,7.0,13.0,27.0,47.0,20.0,40.0,13.88,-10.55,1.86,False,False,False,False,보통
월세,강남구,1168010500,삼성동,3.1716,3.2121,3.23,436.0,405.0,876.0,1717.0,841.0,1281.0,1.28,0.56,1.84,False,False,False,False,보통
월세,도봉구,1132010700,창동,1.9386,2.0196,1.9742,283.0,330.0,674.0,1287.0,613.0,1004.0,4.18,-2.25,1.83,False,False,False,False,보통
월세,성북구,1129013300,정릉동,2.2494,2.3136,2.2904,458.0,564.0,1125.0,2147.0,1022.0,1689.0,2.85,-1.0,1.82,False,False,False,False,보통
월세,성북구,1129010100,성북동,2.6253,2.7547,2.6703,59.0,70.0,164.0,293.0,129.0,234.0,4.93,-3.06,1.71,False,False,False,False,보통
월세,중구,1114014800,을지로6가,4.28,4.6759,4.3411,2.0,2.0,7.0,11.0,4.0,9.0,9.25,-7.16,1.43,True,True,False,False,보통
월세,종로구,1111014100,안국동,1.933,1.9623,1.9594,2.0,1.0,7.0,10.0,3.0,8.0,1.51,-0.14,1.37,True,True,False,False,보통
월세,성동구,1120011400,성수동1가,4.0189,3.7452,4.0715,101.0,88.0,244.0,433.0,189.0,332.0,-6.81,8.71,1.31,False,False,False,False,보통
월세,도봉구,1132010600,방학동,1.5963,1.589,1.6169,184.0,280.0,533.0,997.0,464.0,813.0,-0.46,1.75,1.29,False,False,False,False,보통
월세,강동구,1174010300,상일동,2.2425,2.2435,2.2694,48.0,52.0,145.0,245.0,100.0,197.0,0.04,1.16,1.2,False,False,False,False,보통
월세,관악구,1162010200,신림동,2.9436,2.9736,2.9779,1280.0,1856.0,3343.0,6479.0,3136.0,5199.0,1.02,0.14,1.16,False,False,False,False,보통
월세,종로구,1111018600,신영동,2.0049,1.9931,2.0266,28.0,48.0,77.0,153.0,76.0,125.0,-0.59,1.68,1.09,False,False,False,False,보통
월세,마포구,1144011100,신수동,3.2495,3.2959,3.2775,109.0,123.0,183.0,415.0,232.0,306.0,1.43,-0.56,0.86,False,False,False,False,보통
월세,은평구,1138010500,구산동,1.9906,2.1186,2.0072,250.0,250.0,506.0,1006.0,500.0,756.0,6.43,-5.26,0.83,False,False,False,False,보통
월세,구로구,1153011000,온수동,1.3375,1.5283,1.3484,89.0,79.0,146.0,314.0,168.0,225.0,14.27,-11.77,0.82,False,False,False,False,보통
월세,중랑구,1126010300,중화동,2.7297,2.9189,2.7487,285.0,287.0,548.0,1120.0,572.0,835.0,6.93,-5.83,0.7,False,False,False,False,보통
월세,성북구,1129010900,동소문동6가,3.78,3.8527,3.8033,32.0,36.0,92.0,160.0,68.0,128.0,1.92,-1.28,0.62,False,False,False,False,보통
월세,구로구,1153010700,개봉동,1.9685,2.0008,1.9784,449.0,469.0,929.0,1847.0,918.0,1398.0,1.64,-1.12,0.5,False,False,False,False,보통
월세,용산구,1117013400,주성동,1.4935,1.8019,1.5001,6.0,6.0,13.0,25.0,12.0,19.0,20.64,-16.75,0.44,False,False,False,False,보통
월세,영등포구,1156010900,영등포동8가,4.2696,3.9872,4.2872,8.0,12.0,36.0,56.0,20.0,48.0,-6.61,7.52,0.41,False,False,False,False,보통
월세,성동구,1120010200,하왕십리동,4.1324,4.2853,4.1472,27.0,25.0,76.0,128.0,52.0,101.0,3.7,-3.22,0.36,False,False,False,False,보통
월세,은평구,1138010400,갈현동,2.1923,2.2528,2.1943,304.0,451.0,806.0,1561.0,755.0,1257.0,2.76,-2.6,0.09,False,False,False,False,보통
월세,동대문구,1123010500,답십리동,4.162,3.4909,4.1572,79.0,86.0,169.0,334.0,165.0,255.0,-16.12,19.09,-0.11,False,False,False,False,보통
월세,용산구,1117011000,청파동2가,3.5734,3.4116,3.5692,29.0,55.0,114.0,198.0,84.0,169.0,-4.53,4.62,-0.12,False,False,False,False,보통
월세,강동구,1174010200,고덕동,3.3156,3.3606,3.3103,150.0,117.0,287.0,554.0,267.0,404.0,1.36,-1.5,-0.16,False,False,False,False,보통
월세,영등포구,1156011300,당산동3가,5.797,5.4932,5.7863,27.0,50.0,108.0,185.0,77.0,158.0,-5.24,5.34,-0.18,False,False,False,False,보통
월세,은평구,1138010700,응암동,2.2977,2.2887,2.2927,380.0,413.0,903.0,1696.0,793.0,1316.0,-0.39,0.18,-0.22,False,False,False,False,보통
월세,광진구,1121510700,화양동,3.7563,3.7709,3.744,495.0,594.0,1079.0,2168.0,1089.0,1673.0,0.39,-0.71,-0.33,False,False,False,False,보통
월세,용산구,1117013200,동빙고동,2.3146,2.3857,2.3061,37.0,19.0,56.0,112.0,56.0,75.0,3.07,-3.34,-0.37,False,False,False,False,보통
월세,강남구,1168011100,세곡동,4.3804,3.6544,4.3523,16.0,9.0,33.0,58.0,25.0,42.0,-16.57,19.1,-0.64,False,False,False,False,보통
월세,마포구,1144012400,연남동,3.1374,3.2461,3.1156,360.0,498.0,943.0,1801.0,858.0,1441.0,3.46,-4.02,-0.69,False,False,False,False,보통
월세,중구,1114014600,광희동2가,4.6579,5.2303,4.6195,6.0,4.0,16.0,26.0,10.0,20.0,12.29,-11.68,-0.82,False,False,False,False,보통
월세,은평구,1138010900,신사동,2.111,2.0182,2.0924,267.0,345.0,717.0,1329.0,612.0,1062.0,-4.4,3.68,-0.88,False,False,False,False,보통
월세,송파구,1171010300,풍납동,2.7404,2.9536,2.7146,230.0,244.0,507.0,981.0,474.0,751.0,7.78,-8.09,-0.94,False,False,False,False,보통
월세,노원구,1135010300,공릉동,2.5459,2.676,2.5142,345.0,311.0,949.0,1605.0,656.0,1260.0,5.11,-6.05,-1.25,False,False,False,False,보통
월세,동작구,1159010400,본동,3.189,2.3076,3.148,26.0,15.0,35.0,76.0,41.0,50.0,-27.64,36.42,-1.29,False,False,False,False,보통
월세,종로구,1111018200,구기동,2.0708,2.0684,2.044,30.0,28.0,59.0,117.0,58.0,87.0,-0.12,-1.18,-1.29,False,False,False,False,보통
월세,성북구,1129013000,보문동1가,3.376,3.3004,3.3304,4.0,6.0,10.0,20.0,10.0,16.0,-2.24,0.91,-1.35,False,False,False,False,보통
월세,종로구,1111016600,연건동,2.456,2.4181,2.4216,46.0,83.0,169.0,298.0,129.0,252.0,-1.54,0.14,-1.4,False,False,False,False,보통
월세,종로구,1111016900,혜화동,3.0929,3.12,3.0479,27.0,37.0,122.0,186.0,64.0,159.0,0.88,-2.31,-1.46,False,False,False,False,보통
월세,동대문구,1123010900,휘경동,3.5262,3.4151,3.4692,183.0,223.0,549.0,955.0,406.0,772.0,-3.15,1.58,-1.61,False,False,False,False,보통
월세,은평구,1138010600,대조동,2.5672,2.448,2.5208,261.0,336.0,694.0,1291.0,597.0,1030.0,-4.64,2.97,-1.81,False,False,False,False,보통
월세,강남구,1168011400,일원동,3.9247,3.9159,3.8473,117.0,135.0,253.0,505.0,252.0,388.0,-0.22,-1.75,-1.97,False,False,False,False,보통
월세,마포구,1144010500,용강동,3.181,3.2327,3.1149,63.0,74.0,111.0,248.0,137.0,185.0,1.62,-3.64,-2.08,False,False,False,False,보통
월세,마포구,1144012700,상암동,3.3165,3.2131,3.245,113.0,116.0,197.0,426.0,229.0,313.0,-3.12,0.99,-2.16,False,False,False,False,보통
월세,강남구,1168010700,신사동,3.5598,3.6347,3.4804,134.0,137.0,213.0,484.0,271.0,350.0,2.11,-4.25,-2.23,False,False,False,False,보통
월세,동작구,1159010100,노량진동,3.4081,3.6066,3.3277,103.0,110.0,171.0,384.0,213.0,281.0,5.82,-7.74,-2.36,False,False,False,False,보통
월세,중랑구,1126010400,묵동,2.636,2.7144,2.5734,259.0,323.0,655.0,1237.0,582.0,978.0,2.97,-5.19,-2.37,False,False,False,False,보통
월세,마포구,1144011400,창전동,3.1565,3.2085,3.0788,86.0,117.0,237.0,440.0,203.0,354.0,1.65,-4.04,-2.46,False,False,False,False,보통
월세,성북구,1129013200,보문동3가,2.6431,2.5779,2.5764,2.0,1.0,5.0,8.0,3.0,6.0,-2.46,-0.06,-2.52,True,True,False,False,보통
월세,용산구,1117011700,원효로3가,3.9308,3.7346,3.831,29.0,36.0,45.0,110.0,65.0,81.0,-4.99,2.58,-2.54,False,False,False,False,보통
월세,성북구,1129011900,동선동4가,4.185,4.2191,4.0755,12.0,28.0,43.0,83.0,40.0,71.0,0.81,-3.4,-2.62,False,False,False,False,보통
월세,양천구,1147010300,신월동,2.0607,2.1335,2.0066,602.0,727.0,1240.0,2569.0,1329.0,1967.0,3.53,-5.95,-2.63,False,False,False,False,보통
월세,종로구,1111017500,숭인동,2.3411,2.2194,2.2776,90.0,96.0,213.0,399.0,186.0,309.0,-5.2,2.62,-2.72,False,False,False,False,보통
월세,성북구,1129012600,보문동4가,3.1417,2.5632,3.0546,3.0,6.0,13.0,22.0,9.0,19.0,-18.41,19.17,-2.77,False,False,False,False,보통
월세,마포구,1144010300,신공덕동,3.3014,3.2435,3.2089,6.0,9.0,21.0,36.0,15.0,30.0,-1.75,-1.07,-2.8,False,False,False,False,보통
월세,송파구,1171011200,오금동,2.538,2.5774,2.467,276.0,390.0,742.0,1408.0,666.0,1132.0,1.55,-4.28,-2.8,False,False,False,False,보통
월세,노원구,1135010500,상계동,1.9586,1.8665,1.9033,265.0,323.0,609.0,1197.0,588.0,932.0,-4.7,1.97,-2.83,False,False,False,False,보통
월세,성동구,1120011100,금호동3가,1.8811,1.8913,1.8194,40.0,33.0,86.0,159.0,73.0,119.0,0.54,-3.8,-3.28,False,False,False,False,보통
월세,마포구,1144011500,상수동,3.0255,2.7837,2.9188,75.0,113.0,197.0,385.0,188.0,310.0,-7.99,4.85,-3.53,False,False,False,False,보통
월세,도봉구,1132010800,도봉동,1.4913,1.6771,1.4365,107.0,123.0,269.0,499.0,230.0,392.0,12.46,-14.34,-3.67,False,False,False,False,보통
월세,마포구,1144011300,구수동,3.8162,3.5053,3.6707,13.0,19.0,20.0,52.0,32.0,39.0,-8.15,4.72,-3.81,False,False,False,False,보통
월세,용산구,1117010400,갈월동,1.8229,1.9322,1.7533,28.0,22.0,42.0,92.0,50.0,64.0,6.0,-9.26,-3.82,False,False,False,False,보통
월세,중구,1114013600,묵정동,2.8269,2.9178,2.7102,11.0,15.0,30.0,56.0,26.0,45.0,3.22,-7.11,-4.13,False,False,False,False,보통
월세,용산구,1117010700,동자동,2.028,1.6246,1.9383,7.0,11.0,19.0,37.0,18.0,30.0,-19.89,19.31,-4.42,False,False,False,False,보통
월세,은평구,1138011400,진관동,2.5048,2.6192,2.3907,5.0,9.0,9.0,23.0,14.0,18.0,4.57,-8.72,-4.55,False,False,False,False,보통
월세,중구,1114012100,회현동1가,5.0061,4.6545,4.7748,6.0,22.0,40.0,68.0,28.0,62.0,-7.02,2.58,-4.62,False,False,False,False,보통
월세,강북구,1130510100,미아동,2.1911,2.1212,2.0842,361.0,460.0,1002.0,1823.0,821.0,1462.0,-3.19,-1.75,-4.88,False,False,False,False,보통
월세,중랑구,1126010500,망우동,2.5412,2.7131,2.4147,202.0,206.0,433.0,841.0,408.0,639.0,6.77,-11.0,-4.98,False,False,False,False,보통
월세,종로구,1111017000,명륜1가,3.2165,3.1528,3.051,78.0,95.0,217.0,390.0,173.0,312.0,-1.98,-3.23,-5.14,False,False,False,False,보통
월세,영등포구,1156011400,당산동4가,4.405,3.7094,4.1756,26.0,20.0,61.0,107.0,46.0,81.0,-15.79,12.57,-5.21,False,False,False,False,보통
월세,종로구,1111017300,명륜3가,1.7693,1.7274,1.6695,62.0,101.0,274.0,437.0,163.0,375.0,-2.37,-3.35,-5.64,False,False,False,False,보통
월세,은평구,1138010100,수색동,2.8753,2.463,2.6991,44.0,43.0,71.0,158.0,87.0,114.0,-14.34,9.59,-6.13,False,False,False,False,보통
월세,동대문구,1123010100,신설동,4.1335,4.8353,3.8764,32.0,38.0,52.0,122.0,70.0,90.0,16.98,-19.83,-6.22,False,False,False,False,보통
월세,강남구,1168011300,율현동,3.497,3.7784,3.2778,3.0,1.0,7.0,11.0,4.0,8.0,8.05,-13.25,-6.27,False,True,False,False,보통
월세,중구,1114012900,남산동2가,4.6437,4.7097,4.3494,1.0,2.0,6.0,9.0,3.0,8.0,1.42,-7.65,-6.34,True,True,False,False,보통
월세,용산구,1117013600,보광동,1.6368,1.735,1.5325,22.0,16.0,19.0,57.0,38.0,35.0,6.0,-11.67,-6.37,False,False,False,False,보통
월세,구로구,1153010300,가리봉동,2.8739,2.7795,2.6886,84.0,114.0,245.0,443.0,198.0,359.0,-3.28,-3.27,-6.45,False,False,False,False,보통
월세,성동구,1120010300,홍익동,4.1135,3.8754,3.8463,20.0,35.0,76.0,131.0,55.0,111.0,-5.79,-0.75,-6.5,False,False,False,False,보통
월세,용산구,1117013300,서빙고동,3.0247,3.346,2.8282,12.0,14.0,33.0,59.0,26.0,47.0,10.62,-15.48,-6.5,False,False,False,False,보통
월세,구로구,1153011200,항동,1.6023,1.5832,1.4895,14.0,19.0,35.0,68.0,33.0,54.0,-1.19,-5.92,-7.04,False,False,False,False,보통
월세,강북구,1130510300,수유동,2.082,1.9843,1.9304,570.0,700.0,1439.0,2709.0,1270.0,2139.0,-4.7,-2.71,-7.28,False,False,False,False,보통
월세,용산구,1117011100,청파동3가,3.4103,3.7115,3.1529,37.0,63.0,80.0,180.0,100.0,143.0,8.83,-15.05,-7.55,False,False,False,False,보통
월세,성북구,1129012800,보문동6가,2.9584,3.3097,2.7152,8.0,5.0,28.0,41.0,13.0,33.0,11.87,-17.96,-8.22,False,False,False,False,보통
월세,영등포구,1156010800,영등포동7가,4.7593,4.2696,4.3419,80.0,115.0,193.0,388.0,195.0,308.0,-10.29,1.69,-8.77,False,False,False,False,보통
월세,성동구,1120011300,옥수동,2.6176,3.21,2.3773,15.0,15.0,25.0,55.0,30.0,40.0,22.63,-25.94,-9.18,False,False,False,False,보통
월세,영등포구,1156012700,양평동3가,6.4554,6.5818,5.8574,42.0,41.0,115.0,198.0,83.0,156.0,1.96,-11.01,-9.26,False,False,False,False,보통
월세,종로구,1111010400,효자동,2.9387,1.8383,2.6652,2.0,1.0,5.0,8.0,3.0,6.0,-37.45,44.98,-9.31,True,True,False,False,보통
월세,용산구,1117012900,이촌동,3.2089,1.7146,2.8558,29.0,28.0,29.0,86.0,57.0,57.0,-46.57,66.56,-11.0,False,False,False,False,보통
월세,성북구,1129013100,보문동2가,3.4203,2.9743,3.0428,48.0,48.0,100.0,196.0,96.0,148.0,-13.04,2.3,-11.04,False,False,False,False,보통
월세,강북구,1130510400,우이동,1.9103,1.7261,1.6952,83.0,88.0,188.0,359.0,171.0,276.0,-9.64,-1.79,-11.26,False,False,False,False,보통
월세,강동구,1174010100,명일동,2.9532,3.1681,2.6198,98.0,134.0,288.0,520.0,232.0,422.0,7.28,-17.31,-11.29,False,False,False,False,보통
월세,중구,1114014700,쌍림동,3.7341,2.2845,3.2849,4.0,1.0,4.0,9.0,5.0,5.0,-38.82,43.79,-12.03,False,True,False,False,보통
월세,서대문구,1141011000,북아현동,2.7771,2.6547,2.4371,66.0,59.0,130.0,255.0,125.0,189.0,-4.41,-8.19,-12.24,False,False,False,False,보통
월세,성동구,1120010700,행당동,3.0711,2.8215,2.6672,110.0,142.0,360.0,612.0,252.0,502.0,-8.13,-5.47,-13.15,False,False,False,False,보통
월세,용산구,1117010800,서계동,3.0217,2.2659,2.6131,38.0,51.0,93.0,182.0,89.0,144.0,-25.01,15.32,-13.52,False,False,False,False,보통
월세,동대문구,1123010800,회기동,3.3436,2.6336,2.8877,36.0,78.0,236.0,350.0,114.0,314.0,-21.24,9.65,-13.64,False,False,False,False,보통
월세,종로구,1111016000,연지동,3.8559,3.1178,3.3256,6.0,17.0,30.0,53.0,23.0,47.0,-19.14,6.66,-13.75,False,False,False,False,보통
월세,성동구,1120011200,금호동4가,2.7685,2.3898,2.3637,8.0,13.0,24.0,45.0,21.0,37.0,-13.68,-1.09,-14.62,False,False,False,False,보통
월세,마포구,1144012600,중동,3.0264,2.4451,2.5698,64.0,59.0,118.0,241.0,123.0,177.0,-19.21,5.1,-15.09,False,False,False,False,보통
월세,동대문구,1123010700,청량리동,3.2002,3.3146,2.6726,64.0,101.0,65.0,230.0,165.0,166.0,3.57,-19.37,-16.49,False,False,False,False,보통
월세,영등포구,1156010600,영등포동5가,5.7772,5.6235,4.7381,24.0,16.0,32.0,72.0,40.0,48.0,-2.66,-15.74,-17.99,False,False,False,False,보통
월세,종로구,1111018400,부암동,2.6061,2.3888,2.0629,22.0,30.0,43.0,95.0,52.0,73.0,-8.34,-13.65,-20.85,False,False,False,False,보통
월세,중구,1114012200,회현동2가,5.9082,4.4768,4.669,2.0,6.0,17.0,25.0,8.0,23.0,-24.23,4.29,-20.97,True,False,False,False,보통
월세,성북구,1129011000,동소문동7가,2.5192,2.2994,1.9487,11.0,16.0,22.0,49.0,27.0,38.0,-8.73,-15.25,-22.65,False,False,False,False,보통
월세,성북구,1129012200,안암동2가,3.6988,3.8027,2.699,10.0,20.0,63.0,93.0,30.0,83.0,2.81,-29.02,-27.03,False,False,False,False,보통
월세,영등포구,1156011200,당산동2가,7.349,5.2581,5.2571,12.0,13.0,30.0,55.0,25.0,43.0,-28.45,-0.02,-28.47,False,False,False,False,보통
월세,강서구,1150011000,개화동,,2.7985,2.3186,0.0,1.0,6.0,7.0,1.0,7.0,,-17.15,,True,True,False,False,보통
월세,구로구,1153011100,천왕동,,2.7395,2.5613,0.0,1.0,1.0,2.0,1.0,2.0,,-6.5,,True,True,True,True,낮음
월세,서대문구,1141011400,신촌동,,1.979,2.8177,0.0,3.0,7.0,10.0,3.0,10.0,,42.38,,True,False,False,False,보통
월세,서대문구,1141011500,봉원동,,,0.6151,0.0,0.0,1.0,1.0,0.0,1.0,,,,True,True,True,True,낮음
월세,서초구,1165010400,원지동,2.0439,2.154,,2.0,1.0,0.0,3.0,3.0,1.0,5.39,,,True,True,True,False,보통
월세,영등포구,1156011500,당산동5가,,2.3854,,0.0,1.0,0.0,1.0,1.0,1.0,,,,True,True,True,True,낮음
월세,영등포구,1156012300,문래동5가,,1.2011,1.1275,0.0,5.0,6.0,11.0,5.0,11.0,,-6.13,,True,False,False,False,보통
월세,용산구,1117012000,도원동,,5.3177,5.855,0.0,2.0,1.0,3.0,2.0,3.0,,10.1,,True,True,True,False,보통
월세,종로구,1111010600,통의동,,2.3482,2.0416,0.0,1.0,3.0,4.0,1.0,4.0,,-13.05,,True,True,False,False,보통
월세,종로구,1111011200,체부동,,2.5854,2.5059,0.0,4.0,8.0,12.0,4.0,12.0,,-3.07,,True,False,False,False,보통
월세,종로구,1111011300,필운동,,2.0734,2.6051,0.0,4.0,8.0,12.0,4.0,12.0,,25.64,,True,False,False,False,보통
월세,종로구,1111014000,삼청동,,,2.288,0.0,0.0,2.0,2.0,0.0,2.0,,,,True,True,True,True,낮음
월세,종로구,1111014800,계동,0.2601,1.697,,1.0,3.0,0.0,4.0,4.0,3.0,552.47,,,True,False,True,False,보통
월세,종로구,1111016700,충신동,,,2.0083,0.0,0.0,1.0,1.0,0.0,1.0,,,,True,True,True,True,낮음
월세,중구,1114011200,남창동,,,2.5599,0.0,0.0,4.0,4.0,0.0,4.0,,,,True,True,False,False,보통
월세,중구,1114012300,회현동3가,,5.1615,5.3877,0.0,5.0,4.0,9.0,5.0,9.0,,4.38,,True,False,False,False,보통
월세,중구,1114014200,예장동,,2.587,3.957,0.0,2.0,26.0,28.0,2.0,28.0,,52.96,,True,True,False,False,보통
