법정동코드,법정동코드8,시군구명,법정동명,CI,주거비자료_매칭여부,관측품질,주거비_압박지수,D1_score,LDRI_raw,LDRI,LDRI_rank,LDRI_등급,위험유형,차원비교유형
1168010300,11680103,강남구,개포동,0.252286,매칭,주거비관측,0.2113,0.2113,0.053308,25.962905,294,매우낮음,이탈진행형,CI 낮음 / 주거비 높음
1168010800,11680108,강남구,논현동,0.477301,매칭,주거비관측,0.1838,0.1838,0.087728,44.463036,114,높음,잠재위험형,CI 높음 / 주거비 낮음
1168010600,11680106,강남구,대치동,0.235725,매칭,주거비관측,0.2146,0.2146,0.050587,24.500195,302,매우낮음,이탈진행형,CI 낮음 / 주거비 높음
1168011800,11680118,강남구,도곡동,0.20551,매칭,주거비관측,0.1823,0.1823,0.037465,17.447297,319,매우낮음,안정형,CI 낮음 / 주거비 낮음
1168010500,11680105,강남구,삼성동,0.316759,매칭,주거비관측,0.191,0.191,0.060501,29.828987,272,매우낮음,안정형,CI 낮음 / 주거비 낮음
1168011100,11680111,강남구,세곡동,0.375236,매칭,주거비관측,0.2228,0.2228,0.083603,42.245723,139,보통,이탈진행형,CI 낮음 / 주거비 높음
1168011500,11680115,강남구,수서동,0.547573,미매칭,주거비자료없음,,,,,,,,
1168010700,11680107,강남구,신사동,0.239922,매칭,주거비관측,0.1848,0.1848,0.044338,21.14142,313,매우낮음,안정형,CI 낮음 / 주거비 낮음
1168011000,11680110,강남구,압구정동,0.240064,미매칭,주거비자료없음,,,,,,,,
1168010100,11680101,강남구,역삼동,0.440982,매칭,주거비관측,0.1844,0.1844,0.081317,41.017324,153,보통,잠재위험형,CI 높음 / 주거비 낮음
1168011300,11680113,강남구,율현동,0.374844,매칭,주거비관측,0.0967,0.0967,0.036247,16.7931,320,매우낮음,안정형,CI 낮음 / 주거비 낮음
1168011400,11680114,강남구,일원동,0.302361,매칭,주거비관측,0.2293,0.2293,0.069331,34.57519,226,낮음,이탈진행형,CI 낮음 / 주거비 높음
1168011200,11680112,강남구,자곡동,0.375311,매칭,주거비관측,0.1634,0.1634,0.061326,30.272353,268,매우낮음,안정형,CI 낮음 / 주거비 낮음
1168010400,11680104,강남구,청담동,0.292976,매칭,주거비관측,0.233,0.233,0.068263,34.001172,230,낮음,이탈진행형,CI 낮음 / 주거비 높음
1174011000,11740110,강동구,강일동,0.350323,미매칭,주거비자료없음,,,,,,,,
1174010200,11740102,강동구,고덕동,0.229209,매칭,주거비관측,0.283,0.283,0.064866,32.175205,246,낮음,이탈진행형,CI 낮음 / 주거비 높음
1174010500,11740105,강동구,길동,0.38844,매칭,주거비관측,0.1876,0.1876,0.072871,36.477892,205,낮음,안정형,CI 낮음 / 주거비 낮음
1174010600,11740106,강동구,둔촌동,0.31361,매칭,주거비관측,0.1896,0.1896,0.059461,29.269775,278,매우낮음,안정형,CI 낮음 / 주거비 낮음
1174010100,11740101,강동구,명일동,0.248426,매칭,주거비관측,0.19,0.19,0.047201,22.680474,310,매우낮음,안정형,CI 낮음 / 주거비 낮음
1174010300,11740103,강동구,상일동,0.275549,매칭,주거비관측,0.2005,0.2005,0.055248,27.005422,290,매우낮음,안정형,CI 낮음 / 주거비 낮음
1174010800,11740108,강동구,성내동,0.392661,매칭,주거비관측,0.2022,0.2022,0.079396,39.98474,167,보통,이탈진행형,CI 낮음 / 주거비 높음
1174010700,11740107,강동구,암사동,0.32815,매칭,주거비관측,0.1921,0.1921,0.063038,31.192395,256,낮음,안정형,CI 낮음 / 주거비 낮음
1174010900,11740109,강동구,천호동,0.456162,매칭,주거비관측,0.1888,0.1888,0.086123,43.600663,127,높음,잠재위험형,CI 높음 / 주거비 낮음
1130510100,11305101,강북구,미아동,0.402287,매칭,주거비관측,0.1872,0.1872,0.075308,37.787558,194,보통,잠재위험형,CI 높음 / 주거비 낮음
1130510200,11305102,강북구,번동,0.509665,매칭,주거비관측,0.1893,0.1893,0.09648,49.166939,76,높음,잠재위험형,CI 높음 / 주거비 낮음
1130510300,11305103,강북구,수유동,0.432368,매칭,주거비관측,0.163,0.163,0.070476,35.190377,219,낮음,잠재위험형,CI 높음 / 주거비 낮음
1130510400,11305104,강북구,우이동,0.38002,매칭,주거비관측,0.1968,0.1968,0.074788,37.508001,196,보통,안정형,CI 낮음 / 주거비 낮음
1150010400,11500104,강서구,가양동,0.506445,매칭,주거비관측,0.2032,0.2032,0.10291,52.622969,69,높음,강제잔류·압박형,CI 높음 / 주거비 높음
1150011000,11500110,강서구,개화동,0.475536,미매칭,주거비자료없음,,,,,,,,
1150010800,11500108,강서구,공항동,0.33946,매칭,주거비관측,0.1938,0.1938,0.065787,32.670291,242,낮음,안정형,CI 낮음 / 주거비 낮음
1150011100,11500111,강서구,과해동,0,미매칭,주거비자료없음,,,,,,,,
1150010600,11500106,강서구,내발산동,0.279101,매칭,주거비관측,0.2136,0.2136,0.059616,29.353301,276,매우낮음,이탈진행형,CI 낮음 / 주거비 높음
1150010200,11500102,강서구,등촌동,0.499286,매칭,주거비관측,0.2206,0.2206,0.110142,56.510434,51,매우높음,강제잔류·압박형,CI 높음 / 주거비 높음
1150010500,11500105,강서구,마곡동,0.383458,매칭,주거비관측,0.2384,0.2384,0.091416,46.445561,94,높음,이탈진행형,CI 낮음 / 주거비 높음
1150010900,11500109,강서구,방화동,0.414838,매칭,주거비관측,0.1766,0.1766,0.07326,36.686994,203,낮음,잠재위험형,CI 높음 / 주거비 낮음
1150010100,11500101,강서구,염창동,0.369455,매칭,주거비관측,0.1957,0.1957,0.072302,36.172036,209,낮음,안정형,CI 낮음 / 주거비 낮음
1150011200,11500112,강서구,오곡동,0,미매칭,주거비자료없음,,,,,,,,
1150011300,11500113,강서구,오쇠동,0,미매칭,주거비자료없음,,,,,,,,
1150010700,11500107,강서구,외발산동,0.293979,매칭,주거비관측,0.1916,0.1916,0.056326,27.585211,287,매우낮음,안정형,CI 낮음 / 주거비 낮음
1150010300,11500103,강서구,화곡동,0.404406,매칭,주거비관측,0.1783,0.1783,0.072106,36.066313,211,낮음,잠재위험형,CI 높음 / 주거비 낮음
1162010300,11620103,관악구,남현동,0.460272,매칭,주거비관측,0.1952,0.1952,0.089845,45.600925,102,높음,잠재위험형,CI 높음 / 주거비 낮음
1162010100,11620101,관악구,봉천동,0.500916,매칭,주거비관측,0.2056,0.2056,0.102988,52.66527,68,높음,강제잔류·압박형,CI 높음 / 주거비 높음
1162010200,11620102,관악구,신림동,0.532222,매칭,주거비관측,0.1961,0.1961,0.104369,53.407197,66,매우높음,잠재위험형,CI 높음 / 주거비 낮음
1121510400,11215104,광진구,광장동,0.192192,매칭,주거비관측,0.2334,0.2334,0.044858,21.420978,312,매우낮음,이탈진행형,CI 낮음 / 주거비 높음
1121510300,11215103,광진구,구의동,0.391657,매칭,주거비관측,0.1988,0.1988,0.077861,39.15992,178,보통,안정형,CI 낮음 / 주거비 낮음
1121510900,11215109,광진구,군자동,0.51708,매칭,주거비관측,0.2351,0.2351,0.121565,62.650115,30,매우높음,강제잔류·압박형,CI 높음 / 주거비 높음
1121510200,11215102,광진구,능동,0.502631,매칭,주거비관측,0.1716,0.1716,0.086251,43.669442,126,높음,잠재위험형,CI 높음 / 주거비 낮음
1121510500,11215105,광진구,자양동,0.392795,매칭,주거비관측,0.2018,0.2018,0.079266,39.914871,169,보통,이탈진행형,CI 낮음 / 주거비 높음
1121510100,11215101,광진구,중곡동,0.445191,매칭,주거비관측,0.1963,0.1963,0.087391,44.281917,117,높음,잠재위험형,CI 높음 / 주거비 낮음
1121510700,11215107,광진구,화양동,0.685864,매칭,주거비관측,0.1578,0.1578,0.108229,55.482185,55,매우높음,잠재위험형,CI 높음 / 주거비 낮음
1153010300,11530103,구로구,가리봉동,0.562308,매칭,주거비관측,0.2057,0.2057,0.115667,59.479695,40,매우높음,강제잔류·압박형,CI 높음 / 주거비 높음
1153010700,11530107,구로구,개봉동,0.31656,매칭,주거비관측,0.1775,0.1775,0.056189,27.51156,288,매우낮음,안정형,CI 낮음 / 주거비 낮음
1153010600,11530106,구로구,고척동,0.340844,매칭,주거비관측,0.2296,0.2296,0.078258,39.372953,175,보통,이탈진행형,CI 낮음 / 주거비 높음
1153010200,11530102,구로구,구로동,0.39831,매칭,주거비관측,0.1811,0.1811,0.072134,36.081478,210,낮음,안정형,CI 낮음 / 주거비 낮음
1153010900,11530109,구로구,궁동,0.33712,매칭,주거비관측,0.1825,0.1825,0.061524,30.379028,264,낮음,안정형,CI 낮음 / 주거비 낮음
1153010100,11530101,구로구,신도림동,0.25536,매칭,주거비관측,0.2304,0.2304,0.058835,28.93354,280,매우낮음,이탈진행형,CI 낮음 / 주거비 높음
1153010800,11530108,구로구,오류동,0.416073,매칭,주거비관측,0.2118,0.2118,0.088124,44.676098,113,높음,강제잔류·압박형,CI 높음 / 주거비 높음
1153011000,11530110,구로구,온수동,0.336991,매칭,주거비관측,0.2016,0.2016,0.067937,33.825984,231,낮음,이탈진행형,CI 낮음 / 주거비 높음
1153011100,11530111,구로구,천왕동,0.332993,매칭,주거비관측,0.1126,0.1126,0.037495,17.463683,318,매우낮음,안정형,CI 낮음 / 주거비 낮음
1153011200,11530112,구로구,항동,0.312464,매칭,주거비관측,0.1768,0.1768,0.055244,27.00323,291,매우낮음,안정형,CI 낮음 / 주거비 낮음
1154510100,11545101,금천구,가산동,0.629991,매칭,주거비관측,0.1932,0.1932,0.121714,62.730148,28,매우높음,잠재위험형,CI 높음 / 주거비 낮음
1154510200,11545102,금천구,독산동,0.457359,매칭,주거비관측,0.1988,0.1988,0.090923,46.180298,97,높음,잠재위험형,CI 높음 / 주거비 낮음
1154510300,11545103,금천구,시흥동,0.395848,매칭,주거비관측,0.2045,0.2045,0.080951,40.820462,155,보통,이탈진행형,CI 낮음 / 주거비 높음
1135010300,11350103,노원구,공릉동,0.403958,매칭,주거비관측,0.18,0.18,0.072712,36.392408,206,낮음,잠재위험형,CI 높음 / 주거비 낮음
1135010500,11350105,노원구,상계동,0.353366,매칭,주거비관측,0.194,0.194,0.068553,34.156858,228,낮음,안정형,CI 낮음 / 주거비 낮음
1135010200,11350102,노원구,월계동,0.411258,매칭,주거비관측,0.1896,0.1896,0.077974,39.220693,177,보통,잠재위험형,CI 높음 / 주거비 낮음
1135010600,11350106,노원구,중계동,0.348296,매칭,주거비관측,0.192,0.192,0.066873,33.253813,237,낮음,안정형,CI 낮음 / 주거비 낮음
1135010400,11350104,노원구,하계동,0.420677,매칭,주거비관측,0.1973,0.1973,0.083,41.921639,143,보통,잠재위험형,CI 높음 / 주거비 낮음
1132010800,11320108,도봉구,도봉동,0.377193,매칭,주거비관측,0.1665,0.1665,0.062803,31.066099,257,낮음,안정형,CI 낮음 / 주거비 낮음
1132010600,11320106,도봉구,방학동,0.36889,매칭,주거비관측,0.1658,0.1658,0.061162,30.184242,269,매우낮음,안정형,CI 낮음 / 주거비 낮음
1132010500,11320105,도봉구,쌍문동,0.362735,매칭,주거비관측,0.2017,0.2017,0.073164,36.634995,204,낮음,이탈진행형,CI 낮음 / 주거비 높음
1132010700,11320107,도봉구,창동,0.33563,매칭,주거비관측,0.2113,0.2113,0.070919,35.428328,216,낮음,이탈진행형,CI 낮음 / 주거비 높음
1123010500,11230105,동대문구,답십리동,0.367632,매칭,주거비관측,0.2083,0.2083,0.076578,38.47,182,보통,이탈진행형,CI 낮음 / 주거비 높음
1123010100,11230101,동대문구,신설동,0.474316,매칭,주거비관측,0.1353,0.1353,0.064175,31.803737,249,낮음,잠재위험형,CI 높음 / 주거비 낮음
1123010200,11230102,동대문구,용두동,0.474398,매칭,주거비관측,0.2369,0.2369,0.112385,57.715758,46,매우높음,강제잔류·압박형,CI 높음 / 주거비 높음
1123011000,11230110,동대문구,이문동,0.433791,매칭,주거비관측,0.2543,0.2543,0.110313,56.602212,49,매우높음,강제잔류·압박형,CI 높음 / 주거비 높음
1123010600,11230106,동대문구,장안동,0.360977,매칭,주거비관측,0.1969,0.1969,0.071076,35.513069,215,낮음,안정형,CI 낮음 / 주거비 낮음
1123010400,11230104,동대문구,전농동,0.387495,매칭,주거비관측,0.1928,0.1928,0.074709,37.465559,197,보통,안정형,CI 낮음 / 주거비 낮음
1123010300,11230103,동대문구,제기동,0.491295,매칭,주거비관측,0.1794,0.1794,0.088138,44.683571,112,높음,잠재위험형,CI 높음 / 주거비 낮음
1123010700,11230107,동대문구,청량리동,0.482688,매칭,주거비관측,0.2263,0.2263,0.109232,56.021242,52,매우높음,강제잔류·압박형,CI 높음 / 주거비 높음
1123010800,11230108,동대문구,회기동,0.560957,매칭,주거비관측,0.1879,0.1879,0.105404,53.963506,62,매우높음,잠재위험형,CI 높음 / 주거비 낮음
1123010900,11230109,동대문구,휘경동,0.451925,매칭,주거비관측,0.1133,0.1133,0.051203,24.831538,297,매우낮음,잠재위험형,CI 높음 / 주거비 낮음
1159010100,11590101,동작구,노량진동,0.495965,매칭,주거비관측,0.2503,0.2503,0.12414,64.033909,25,매우높음,강제잔류·압박형,CI 높음 / 주거비 높음
1159010800,11590108,동작구,대방동,0.398648,매칭,주거비관측,0.1784,0.1784,0.071119,35.535942,214,낮음,잠재위험형,CI 높음 / 주거비 낮음
1159010600,11590106,동작구,동작동,0.320419,매칭,주거비관측,0.2755,0.2755,0.088276,44.757354,111,높음,이탈진행형,CI 낮음 / 주거비 높음
1159010400,11590104,동작구,본동,0.45923,매칭,주거비관측,0.1787,0.1787,0.082064,41.419001,149,보통,잠재위험형,CI 높음 / 주거비 낮음
1159010700,11590107,동작구,사당동,0.392619,매칭,주거비관측,0.216,0.216,0.084806,42.892384,133,보통,이탈진행형,CI 낮음 / 주거비 높음
1159010300,11590103,동작구,상도1동,0.429321,매칭,주거비관측,0.1707,0.1707,0.073285,36.700261,202,낮음,잠재위험형,CI 높음 / 주거비 낮음
1159010200,11590102,동작구,상도동,0.405498,매칭,주거비관측,0.2012,0.2012,0.081586,41.161924,151,보통,강제잔류·압박형,CI 높음 / 주거비 높음
1159010900,11590109,동작구,신대방동,0.368436,매칭,주거비관측,0.2152,0.2152,0.079287,39.926391,168,보통,이탈진행형,CI 낮음 / 주거비 높음
1159010500,11590105,동작구,흑석동,0.312342,매칭,주거비관측,0.2247,0.2247,0.070183,35.033108,221,낮음,이탈진행형,CI 낮음 / 주거비 높음
1144010200,11440102,마포구,공덕동,0.361204,매칭,주거비관측,0.2224,0.2224,0.080332,40.487759,159,보통,이탈진행형,CI 낮음 / 주거비 높음
1144011300,11440113,마포구,구수동,0.333333,매칭,주거비관측,0.2364,0.2364,0.0788,39.664364,173,보통,이탈진행형,CI 낮음 / 주거비 높음
1144011000,11440110,마포구,노고산동,0.513985,매칭,주거비관측,0.2352,0.2352,0.120889,62.286747,34,매우높음,강제잔류·압박형,CI 높음 / 주거비 높음
1144011800,11440118,마포구,당인동,0.391734,매칭,주거비관측,0.2097,0.2097,0.082147,41.463131,147,보통,이탈진행형,CI 낮음 / 주거비 높음
1144010800,11440108,마포구,대흥동,0.386154,매칭,주거비관측,0.2439,0.2439,0.094183,47.932511,80,높음,이탈진행형,CI 낮음 / 주거비 높음
1144010400,11440104,마포구,도화동,0.354373,매칭,주거비관측,0.2815,0.2815,0.099756,50.927853,70,높음,이탈진행형,CI 낮음 / 주거비 높음
1144012100,11440121,마포구,동교동,0.517905,매칭,주거비관측,0.2497,0.2497,0.129321,66.818542,23,매우높음,강제잔류·압박형,CI 높음 / 주거비 높음
1144010700,11440107,마포구,마포동,0.335297,매칭,주거비관측,0.4852,0.4852,0.162686,84.751864,7,매우높음,이탈진행형,CI 낮음 / 주거비 높음
1144012300,11440123,마포구,망원동,0.390708,매칭,주거비관측,0.2023,0.2023,0.07904,39.793552,172,보통,이탈진행형,CI 낮음 / 주거비 높음
1144011500,11440115,마포구,상수동,0.39169,매칭,주거비관측,0.1718,0.1718,0.067292,33.479288,234,낮음,안정형,CI 낮음 / 주거비 낮음
1144012700,11440127,마포구,상암동,0.353229,매칭,주거비관측,0.1996,0.1996,0.070505,35.205755,218,낮음,안정형,CI 낮음 / 주거비 낮음
1144012000,11440120,마포구,서교동,0.518278,매칭,주거비관측,0.2033,0.2033,0.105366,53.943096,63,매우높음,강제잔류·압박형,CI 높음 / 주거비 높음
1144012500,11440125,마포구,성산동,0.435133,매칭,주거비관측,0.2063,0.2063,0.089768,45.559467,103,높음,강제잔류·압박형,CI 높음 / 주거비 높음
1144010300,11440103,마포구,신공덕동,0.40321,매칭,주거비관측,0.2075,0.2075,0.083666,42.27982,138,보통,강제잔류·압박형,CI 높음 / 주거비 높음
1144011100,11440111,마포구,신수동,0.411989,매칭,주거비관측,0.2083,0.2083,0.085817,43.436096,131,높음,강제잔류·압박형,CI 높음 / 주거비 높음
1144011700,11440117,마포구,신정동,0.370719,미매칭,주거비자료없음,,,,,,,,
1144010100,11440101,마포구,아현동,0.362838,매칭,주거비관측,0.1577,0.1577,0.05722,28.065324,283,매우낮음,안정형,CI 낮음 / 주거비 낮음
1144012400,11440124,마포구,연남동,0.47211,매칭,주거비관측,0.1821,0.1821,0.085971,43.518801,128,높음,잠재위험형,CI 높음 / 주거비 낮음
1144010900,11440109,마포구,염리동,0.327494,매칭,주거비관측,0.2312,0.2312,0.075717,38.007133,189,보통,이탈진행형,CI 낮음 / 주거비 높음
1144010500,11440105,마포구,용강동,0.301349,매칭,주거비관측,0.2116,0.2116,0.063765,31.583581,251,낮음,이탈진행형,CI 낮음 / 주거비 높음
1144012600,11440126,마포구,중동,0.452549,매칭,주거비관측,0.1866,0.1866,0.084446,42.698897,135,보통,잠재위험형,CI 높음 / 주거비 낮음
1144011400,11440114,마포구,창전동,0.391758,매칭,주거비관측,0.1701,0.1701,0.066638,33.127592,239,낮음,안정형,CI 낮음 / 주거비 낮음
1144010600,11440106,마포구,토정동,0.29752,매칭,주거비관측,0.2761,0.2761,0.082145,41.462475,148,보통,이탈진행형,CI 낮음 / 주거비 높음
1144011600,11440116,마포구,하중동,0.391337,매칭,주거비관측,0.0657,0.0657,0.025711,11.129901,329,매우낮음,안정형,CI 낮음 / 주거비 낮음
1144012200,11440122,마포구,합정동,0.452848,매칭,주거비관측,0.2133,0.2133,0.096593,49.227622,75,높음,강제잔류·압박형,CI 높음 / 주거비 높음
1144011200,11440112,마포구,현석동,0.339463,매칭,주거비관측,0.4162,0.4162,0.141285,73.248832,13,매우높음,이탈진행형,CI 낮음 / 주거비 높음
1141012000,11410120,서대문구,남가좌동,0.334387,매칭,주거비관측,0.2301,0.2301,0.076943,38.666058,181,보통,이탈진행형,CI 낮음 / 주거비 높음
1141010500,11410105,서대문구,냉천동,0.367462,매칭,주거비관측,0.1506,0.1506,0.05534,27.05496,289,매우낮음,안정형,CI 낮음 / 주거비 낮음
1141011300,11410113,서대문구,대신동,0.641226,매칭,주거비관측,0.2792,0.2792,0.17903,93.536476,3,매우높음,강제잔류·압박형,CI 높음 / 주거비 높음
1141011200,11410112,서대문구,대현동,0.56941,매칭,주거비관측,0.1833,0.1833,0.104373,53.409376,65,매우높음,잠재위험형,CI 높음 / 주거비 낮음
1141010400,11410104,서대문구,미근동,0.402359,미매칭,주거비자료없음,,,,,,,,
1141011500,11410115,서대문구,봉원동,0.641603,미매칭,주거비자료없음,,,,,,,,
1141011900,11410119,서대문구,북가좌동,0.343932,매칭,주거비관측,0.1934,0.1934,0.066517,33.062245,240,낮음,안정형,CI 낮음 / 주거비 낮음
1141011000,11410110,서대문구,북아현동,0.398638,매칭,주거비관측,0.1508,0.1508,0.060115,29.621314,275,매우낮음,안정형,CI 낮음 / 주거비 낮음
1141011400,11410114,서대문구,신촌동,0.640695,매칭,주거비관측,0.2551,0.2551,0.163441,85.15775,6,매우높음,강제잔류·압박형,CI 높음 / 주거비 높음
1141011700,11410117,서대문구,연희동,0.448292,매칭,주거비관측,0.1798,0.1798,0.080603,40.633416,157,보통,잠재위험형,CI 높음 / 주거비 낮음
1141010800,11410108,서대문구,영천동,0.367107,매칭,주거비관측,0.1152,0.1152,0.042291,20.04131,314,매우낮음,안정형,CI 낮음 / 주거비 낮음
1141010700,11410107,서대문구,옥천동,0.365353,매칭,주거비관측,0.3078,0.3078,0.112456,57.753743,45,매우높음,이탈진행형,CI 낮음 / 주거비 높음
1141011600,11410116,서대문구,창천동,0.641854,매칭,주거비관측,0.2289,0.2289,0.14692,76.277943,10,매우높음,강제잔류·압박형,CI 높음 / 주거비 높음
1141010600,11410106,서대문구,천연동,0.367646,매칭,주거비관측,0.2414,0.2414,0.08875,45.012209,109,높음,이탈진행형,CI 낮음 / 주거비 높음
1141010100,11410101,서대문구,충정로2가,0.411234,매칭,주거비관측,0.1742,0.1742,0.071637,35.814394,212,낮음,잠재위험형,CI 높음 / 주거비 낮음
1141010200,11410102,서대문구,충정로3가,0.412755,매칭,주거비관측,0.218,0.218,0.089981,45.67377,101,높음,강제잔류·압박형,CI 높음 / 주거비 높음
1141010300,11410103,서대문구,합동,0.410438,미매칭,주거비자료없음,,,,,,,,
1141010900,11410109,서대문구,현저동,0.367584,미매칭,주거비자료없음,,,,,,,,
1141011800,11410118,서대문구,홍은동,0.34695,매칭,주거비관측,0.1975,0.1975,0.068523,34.140495,229,낮음,안정형,CI 낮음 / 주거비 낮음
1141011100,11410111,서대문구,홍제동,0.340499,매칭,주거비관측,0.2079,0.2079,0.07079,35.359015,217,낮음,이탈진행형,CI 낮음 / 주거비 높음
1165010900,11650109,서초구,내곡동,0.298228,매칭,주거비관측,0.1139,0.1139,0.033968,15.568076,322,매우낮음,안정형,CI 낮음 / 주거비 낮음
1165010700,11650107,서초구,반포동,0.241248,매칭,주거비관측,0.2077,0.2077,0.050107,24.242566,303,매우낮음,이탈진행형,CI 낮음 / 주거비 높음
1165010100,11650101,서초구,방배동,0.298133,매칭,주거비관측,0.2139,0.2139,0.063771,31.586397,250,낮음,이탈진행형,CI 낮음 / 주거비 높음
1165010800,11650108,서초구,서초동,0.30523,매칭,주거비관측,0.2085,0.2085,0.06364,31.516398,253,낮음,이탈진행형,CI 낮음 / 주거비 높음
1165011100,11650111,서초구,신원동,0.298147,매칭,주거비관측,0.1893,0.1893,0.056439,27.645833,286,매우낮음,안정형,CI 낮음 / 주거비 낮음
1165010200,11650102,서초구,양재동,0.393245,매칭,주거비관측,0.2208,0.2208,0.086828,43.979583,120,높음,이탈진행형,CI 낮음 / 주거비 높음
1165011000,11650110,서초구,염곡동,0.296663,매칭,주거비관측,0.1094,0.1094,0.032455,14.75475,324,매우낮음,안정형,CI 낮음 / 주거비 낮음
1165010300,11650103,서초구,우면동,0.356908,매칭,주거비관측,0.1781,0.1781,0.063565,31.476024,254,낮음,안정형,CI 낮음 / 주거비 낮음
1165010400,11650104,서초구,원지동,0.414636,미매칭,주거비자료없음,,,,,,,,
1165010600,11650106,서초구,잠원동,0.223655,매칭,주거비관측,0.2009,0.2009,0.044932,21.46108,311,매우낮음,이탈진행형,CI 낮음 / 주거비 높음
1120010900,11200109,성동구,금호동1가,0.346527,매칭,주거비관측,0.1812,0.1812,0.062791,31.059705,258,낮음,안정형,CI 낮음 / 주거비 낮음
1120011000,11200110,성동구,금호동2가,0.332671,매칭,주거비관측,0.2694,0.2694,0.089622,45.480865,104,높음,이탈진행형,CI 낮음 / 주거비 높음
1120011100,11200111,성동구,금호동3가,0.332533,매칭,주거비관측,0.2302,0.2302,0.076549,38.454611,183,보통,이탈진행형,CI 낮음 / 주거비 높음
1120011200,11200112,성동구,금호동4가,0.330416,매칭,주거비관측,0.1736,0.1736,0.05736,28.140924,282,매우낮음,안정형,CI 낮음 / 주거비 낮음
1120010400,11200104,성동구,도선동,0.385829,매칭,주거비관측,0.2023,0.2023,0.078053,39.263077,176,보통,이탈진행형,CI 낮음 / 주거비 높음
1120010500,11200105,성동구,마장동,0.409801,매칭,주거비관측,0.1747,0.1747,0.071592,35.790346,213,낮음,잠재위험형,CI 높음 / 주거비 낮음
1120010600,11200106,성동구,사근동,0.592632,매칭,주거비관측,0.2053,0.2053,0.121667,62.704869,29,매우높음,강제잔류·압박형,CI 높음 / 주거비 높음
1120010100,11200101,성동구,상왕십리동,0.385692,미매칭,주거비자료없음,,,,,,,,
1120011400,11200114,성동구,성수동1가,0.379821,매칭,주거비관측,0.1987,0.1987,0.07547,37.874817,191,보통,안정형,CI 낮음 / 주거비 낮음
1120011500,11200115,성동구,성수동2가,0.40936,매칭,주거비관측,0.2227,0.2227,0.091165,46.310135,96,높음,강제잔류·압박형,CI 높음 / 주거비 높음
1120011800,11200118,성동구,송정동,0.512113,매칭,주거비관측,0.2151,0.2151,0.110155,56.517417,50,매우높음,강제잔류·압박형,CI 높음 / 주거비 높음
1120011300,11200113,성동구,옥수동,0.28543,매칭,주거비관측,0.2353,0.2353,0.067162,33.408975,236,낮음,이탈진행형,CI 낮음 / 주거비 높음
1120012200,11200122,성동구,용답동,0.574601,매칭,주거비관측,0.2804,0.2804,0.161118,83.909075,8,매우높음,강제잔류·압박형,CI 높음 / 주거비 높음
1120010800,11200108,성동구,응봉동,0.247472,매칭,주거비관측,0.217,0.217,0.053701,26.17436,293,매우낮음,이탈진행형,CI 낮음 / 주거비 높음
1120010200,11200102,성동구,하왕십리동,0.383985,매칭,주거비관측,0.199,0.199,0.076413,38.381449,185,보통,안정형,CI 낮음 / 주거비 낮음
1120010700,11200107,성동구,행당동,0.402606,매칭,주거비관측,0.1745,0.1745,0.070255,35.071517,220,낮음,잠재위험형,CI 높음 / 주거비 낮음
1120010300,11200103,성동구,홍익동,0.38621,매칭,주거비관측,0.1283,0.1283,0.049551,23.943416,306,매우낮음,안정형,CI 낮음 / 주거비 낮음
1129013400,11290134,성북구,길음동,0.248076,매칭,주거비관측,0.3066,0.3066,0.07606,38.191715,186,보통,이탈진행형,CI 낮음 / 주거비 높음
1129010300,11290103,성북구,돈암동,0.359899,매칭,주거비관측,0.2386,0.2386,0.085872,43.465431,130,높음,이탈진행형,CI 낮음 / 주거비 높음
1129011600,11290116,성북구,동선동1가,0.546534,매칭,주거비관측,0.1586,0.1586,0.08668,43.899952,121,높음,잠재위험형,CI 높음 / 주거비 낮음
1129011700,11290117,성북구,동선동2가,0.549519,매칭,주거비관측,0.2573,0.2573,0.141391,73.306219,12,매우높음,강제잔류·압박형,CI 높음 / 주거비 높음
1129011800,11290118,성북구,동선동3가,0.548663,매칭,주거비관측,0.2814,0.2814,0.154394,80.294824,9,매우높음,강제잔류·압박형,CI 높음 / 주거비 높음
1129011900,11290119,성북구,동선동4가,0.546772,매칭,주거비관측,0.1188,0.1188,0.064957,32.223789,245,낮음,잠재위험형,CI 높음 / 주거비 낮음
1129012000,11290120,성북구,동선동5가,0.545964,매칭,주거비관측,0.1375,0.1375,0.07507,37.659602,195,보통,잠재위험형,CI 높음 / 주거비 낮음
1129010400,11290104,성북구,동소문동1가,0.390933,매칭,주거비관측,0.1645,0.1645,0.064309,31.875502,248,낮음,안정형,CI 낮음 / 주거비 낮음
1129010500,11290105,성북구,동소문동2가,0.423369,미매칭,주거비자료없음,,,,,,,,
1129010600,11290106,성북구,동소문동3가,0.383284,미매칭,주거비자료없음,,,,,,,,
1129010700,11290107,성북구,동소문동4가,0.39175,매칭,주거비관측,0.2144,0.2144,0.083991,42.454619,137,보통,이탈진행형,CI 낮음 / 주거비 높음
1129010800,11290108,성북구,동소문동5가,0.42373,미매칭,주거비자료없음,,,,,,,,
1129010900,11290109,성북구,동소문동6가,0.54845,매칭,주거비관측,0.1463,0.1463,0.080238,40.437475,160,보통,잠재위험형,CI 높음 / 주거비 낮음
1129011000,11290110,성북구,동소문동7가,0.54887,매칭,주거비관측,0.1889,0.1889,0.103682,53.037854,67,높음,잠재위험형,CI 높음 / 주거비 낮음
1129013000,11290130,성북구,보문동1가,0.4051,매칭,주거비관측,0.1952,0.1952,0.079075,39.812485,171,보통,잠재위험형,CI 높음 / 주거비 낮음
1129013100,11290131,성북구,보문동2가,0.404843,매칭,주거비관측,0.072,0.072,0.029149,12.977683,327,매우낮음,잠재위험형,CI 높음 / 주거비 낮음
1129013200,11290132,성북구,보문동3가,0.40533,매칭,주거비관측,0.1016,0.1016,0.041182,19.445108,315,매우낮음,잠재위험형,CI 높음 / 주거비 낮음
1129012600,11290126,성북구,보문동4가,0.403971,매칭,주거비관측,0.098,0.098,0.039589,18.589237,316,매우낮음,잠재위험형,CI 높음 / 주거비 낮음
1129012700,11290127,성북구,보문동5가,0.405291,매칭,주거비관측,0.1979,0.1979,0.080207,40.420696,161,보통,잠재위험형,CI 높음 / 주거비 낮음
1129012800,11290128,성북구,보문동6가,0.405739,매칭,주거비관측,0.1729,0.1729,0.070152,35.016376,222,낮음,잠재위험형,CI 높음 / 주거비 낮음
1129012900,11290129,성북구,보문동7가,0.404194,매칭,주거비관측,0.173,0.173,0.069926,34.894561,224,낮음,잠재위험형,CI 높음 / 주거비 낮음
1129011100,11290111,성북구,삼선동1가,0.424454,매칭,주거비관측,0.3082,0.3082,0.130817,67.622499,19,매우높음,강제잔류·압박형,CI 높음 / 주거비 높음
1129011200,11290112,성북구,삼선동2가,0.425215,매칭,주거비관측,0.1848,0.1848,0.07858,39.546029,174,보통,잠재위험형,CI 높음 / 주거비 낮음
1129011300,11290113,성북구,삼선동3가,0.424173,매칭,주거비관측,0.2508,0.2508,0.106383,54.489575,59,매우높음,강제잔류·압박형,CI 높음 / 주거비 높음
1129011400,11290114,성북구,삼선동4가,0.4254,매칭,주거비관측,0.2186,0.2186,0.092993,47.292649,86,높음,강제잔류·압박형,CI 높음 / 주거비 높음
1129011500,11290115,성북구,삼선동5가,0.424335,매칭,주거비관측,0.1995,0.1995,0.084655,42.811309,134,보통,잠재위험형,CI 높음 / 주거비 낮음
1129013700,11290137,성북구,상월곡동,0.428234,매칭,주거비관측,0.1863,0.1863,0.07978,40.191139,162,보통,잠재위험형,CI 높음 / 주거비 낮음
1129013900,11290139,성북구,석관동,0.397715,매칭,주거비관측,0.1853,0.1853,0.073697,36.921398,201,낮음,안정형,CI 낮음 / 주거비 낮음
1129010100,11290101,성북구,성북동,0.392401,매칭,주거비관측,0.2208,0.2208,0.086642,43.879409,122,높음,이탈진행형,CI 낮음 / 주거비 높음
1129010200,11290102,성북구,성북동1가,0.391788,매칭,주거비관측,0.2059,0.2059,0.080669,40.669064,156,보통,이탈진행형,CI 낮음 / 주거비 높음
1129012100,11290121,성북구,안암동1가,0.58265,매칭,주거비관측,0.2259,0.2259,0.131621,68.054576,17,매우높음,강제잔류·압박형,CI 높음 / 주거비 높음
1129012200,11290122,성북구,안암동2가,0.582066,매칭,주거비관측,0.086,0.086,0.050058,24.215917,304,매우낮음,잠재위험형,CI 높음 / 주거비 낮음
1129012300,11290123,성북구,안암동3가,0.582617,매칭,주거비관측,0.2184,0.2184,0.127244,65.70205,24,매우높음,강제잔류·압박형,CI 높음 / 주거비 높음
1129012400,11290124,성북구,안암동4가,0.582208,매칭,주거비관측,0.1364,0.1364,0.079413,39.993957,166,보통,잠재위험형,CI 높음 / 주거비 낮음
1129012500,11290125,성북구,안암동5가,0.582295,매칭,주거비관측,0.2084,0.2084,0.12135,62.534443,31,매우높음,강제잔류·압박형,CI 높음 / 주거비 높음
1129013800,11290138,성북구,장위동,0.393408,매칭,주거비관측,0.2201,0.2201,0.086589,43.850952,123,높음,이탈진행형,CI 낮음 / 주거비 높음
1129013300,11290133,성북구,정릉동,0.359532,매칭,주거비관측,0.1711,0.1711,0.061516,30.374488,265,매우낮음,안정형,CI 낮음 / 주거비 낮음
1129013500,11290135,성북구,종암동,0.358464,매칭,주거비관측,0.228,0.228,0.08173,41.239113,150,보통,이탈진행형,CI 낮음 / 주거비 높음
1129013600,11290136,성북구,하월곡동,0.348633,매칭,주거비관측,0.2387,0.2387,0.083219,42.039332,140,보통,이탈진행형,CI 낮음 / 주거비 높음
1171010700,11710107,송파구,가락동,0.280242,매칭,주거비관측,0.2036,0.2036,0.057057,27.978026,285,매우낮음,이탈진행형,CI 낮음 / 주거비 높음
1171011300,11710113,송파구,거여동,0.30502,매칭,주거비관측,0.2213,0.2213,0.067501,33.591307,232,낮음,이탈진행형,CI 낮음 / 주거비 높음
1171011400,11710114,송파구,마천동,0.413645,매칭,주거비관측,0.2264,0.2264,0.093649,47.645663,83,높음,강제잔류·압박형,CI 높음 / 주거비 높음
1171010800,11710108,송파구,문정동,0.379637,매칭,주거비관측,0.1949,0.1949,0.073991,37.079766,199,낮음,안정형,CI 낮음 / 주거비 낮음
1171011100,11710111,송파구,방이동,0.374679,매칭,주거비관측,0.2129,0.2129,0.079769,40.185339,163,보통,이탈진행형,CI 낮음 / 주거비 높음
1171010600,11710106,송파구,삼전동,0.471647,매칭,주거비관측,0.1947,0.1947,0.09183,46.667657,90,높음,잠재위험형,CI 높음 / 주거비 낮음
1171010500,11710105,송파구,석촌동,0.465291,매칭,주거비관측,0.2021,0.2021,0.094035,47.853166,81,높음,강제잔류·압박형,CI 높음 / 주거비 높음
1171010400,11710104,송파구,송파동,0.370704,매칭,주거비관측,0.196,0.196,0.072658,36.363162,207,낮음,안정형,CI 낮음 / 주거비 낮음
1171010200,11710102,송파구,신천동,0.162318,미매칭,주거비자료없음,,,,,,,,
1171011200,11710112,송파구,오금동,0.324563,매칭,주거비관측,0.207,0.207,0.067185,33.421349,235,낮음,이탈진행형,CI 낮음 / 주거비 높음
1171010100,11710101,송파구,잠실동,0.267191,매칭,주거비관측,0.199,0.199,0.053171,25.889249,295,매우낮음,안정형,CI 낮음 / 주거비 낮음
1171010900,11710109,송파구,장지동,0.326982,미매칭,주거비자료없음,,,,,,,,
1171010300,11710103,송파구,풍납동,0.334919,매칭,주거비관측,0.1845,0.1845,0.061793,30.523234,263,낮음,안정형,CI 낮음 / 주거비 낮음
1147010200,11470102,양천구,목동,0.279104,매칭,주거비관측,0.1819,0.1819,0.050769,24.598214,300,매우낮음,안정형,CI 낮음 / 주거비 낮음
1147010300,11470103,양천구,신월동,0.369553,매칭,주거비관측,0.1724,0.1724,0.063711,31.554296,252,낮음,안정형,CI 낮음 / 주거비 낮음
1147010100,11470101,양천구,신정동,0.315273,매칭,주거비관측,0.1922,0.1922,0.060595,29.87979,271,매우낮음,안정형,CI 낮음 / 주거비 낮음
1156011700,11560117,영등포구,당산동,0.421237,매칭,주거비관측,0.2167,0.2167,0.091282,46.373337,95,높음,강제잔류·압박형,CI 높음 / 주거비 높음
1156011100,11560111,영등포구,당산동1가,0.464752,매칭,주거비관측,0.2285,0.2285,0.106196,54.389182,60,매우높음,강제잔류·압박형,CI 높음 / 주거비 높음
1156011200,11560112,영등포구,당산동2가,0.464703,매칭,주거비관측,0.1268,0.1268,0.058924,28.981568,279,매우낮음,잠재위험형,CI 높음 / 주거비 낮음
1156011300,11560113,영등포구,당산동3가,0.464972,매칭,주거비관측,0.1855,0.1855,0.086252,43.669869,125,높음,잠재위험형,CI 높음 / 주거비 낮음
1156011400,11560114,영등포구,당산동4가,0.4214,매칭,주거비관측,0.2202,0.2202,0.092792,47.184985,87,높음,강제잔류·압박형,CI 높음 / 주거비 높음
1156011500,11560115,영등포구,당산동5가,0.421401,미매칭,주거비자료없음,,,,,,,,
1156011600,11560116,영등포구,당산동6가,0.421269,매칭,주거비관측,0.2174,0.2174,0.091584,46.535586,92,높음,강제잔류·압박형,CI 높음 / 주거비 높음
1156013300,11560133,영등포구,대림동,0.386412,매칭,주거비관측,0.1718,0.1718,0.066386,32.991844,241,낮음,안정형,CI 낮음 / 주거비 낮음
1156011800,11560118,영등포구,도림동,0.458532,매칭,주거비관측,0.243,0.243,0.111423,57.198943,47,매우높음,강제잔류·압박형,CI 높음 / 주거비 높음
1156011900,11560119,영등포구,문래동1가,0.258563,매칭,주거비관측,0.1959,0.1959,0.050652,24.53559,301,매우낮음,안정형,CI 낮음 / 주거비 낮음
1156012000,11560120,영등포구,문래동2가,0.268707,미매칭,주거비자료없음,,,,,,,,
1156012100,11560121,영등포구,문래동3가,0.271339,매칭,주거비관측,0.1887,0.1887,0.051202,24.830731,298,매우낮음,안정형,CI 낮음 / 주거비 낮음
1156012200,11560122,영등포구,문래동4가,0.270564,미매칭,주거비자료없음,,,,,,,,
1156012300,11560123,영등포구,문래동5가,0.270729,미매칭,주거비자료없음,,,,,,,,
1156012400,11560124,영등포구,문래동6가,0.271236,미매칭,주거비자료없음,,,,,,,,
1156013200,11560132,영등포구,신길동,0.40546,매칭,주거비관측,0.2257,0.2257,0.091512,46.497077,93,높음,강제잔류·압박형,CI 높음 / 주거비 높음
1156013400,11560134,영등포구,양평동,0,미매칭,주거비자료없음,,,,,,,,
1156012500,11560125,영등포구,양평동1가,0.444599,매칭,주거비관측,0.2972,0.2972,0.132135,68.331062,16,매우높음,강제잔류·압박형,CI 높음 / 주거비 높음
1156012600,11560126,영등포구,양평동2가,0.444419,매칭,주거비관측,0.4299,0.4299,0.191056,100,1,매우높음,강제잔류·압박형,CI 높음 / 주거비 높음
1156012700,11560127,영등포구,양평동3가,0.42704,매칭,주거비관측,0.1638,0.1638,0.069949,34.907265,223,낮음,잠재위험형,CI 높음 / 주거비 낮음
1156012800,11560128,영등포구,양평동4가,0.408586,매칭,주거비관측,0.1847,0.1847,0.075466,37.872399,192,보통,잠재위험형,CI 높음 / 주거비 낮음
1156012900,11560129,영등포구,양평동5가,0.408368,매칭,주거비관측,0.2214,0.2214,0.090413,45.906019,98,높음,강제잔류·압박형,CI 높음 / 주거비 높음
1156013000,11560130,영등포구,양평동6가,0.408612,매칭,주거비관측,0.24,0.24,0.098067,50.020046,73,높음,강제잔류·압박형,CI 높음 / 주거비 높음
1156013100,11560131,영등포구,양화동,0,미매칭,주거비자료없음,,,,,,,,
1156011000,11560110,영등포구,여의도동,0.251337,미매칭,주거비자료없음,,,,,,,,
1156010100,11560101,영등포구,영등포동,0.600818,매칭,주거비관측,0.2043,0.2043,0.122747,63.285235,27,매우높음,강제잔류·압박형,CI 높음 / 주거비 높음
1156010200,11560102,영등포구,영등포동1가,0.641485,매칭,주거비관측,0.1639,0.1639,0.105139,53.821406,64,매우높음,잠재위험형,CI 높음 / 주거비 낮음
1156010300,11560103,영등포구,영등포동2가,0.64171,매칭,주거비관측,0.1822,0.1822,0.11692,60.15307,36,매우높음,잠재위험형,CI 높음 / 주거비 낮음
1156010400,11560104,영등포구,영등포동3가,0.641982,매칭,주거비관측,0.1753,0.1753,0.11254,57.798833,44,매우높음,잠재위험형,CI 높음 / 주거비 낮음
1156010500,11560105,영등포구,영등포동4가,0.640635,매칭,주거비관측,0.2023,0.2023,0.1296,66.968768,22,매우높음,강제잔류·압박형,CI 높음 / 주거비 높음
1156010600,11560106,영등포구,영등포동5가,0.641954,매칭,주거비관측,0.1659,0.1659,0.1065,54.552804,58,매우높음,잠재위험형,CI 높음 / 주거비 낮음
1156010700,11560107,영등포구,영등포동6가,0.641106,매칭,주거비관측,0.204,0.204,0.130786,67.605846,20,매우높음,강제잔류·압박형,CI 높음 / 주거비 높음
1156010800,11560108,영등포구,영등포동7가,0.641912,매칭,주거비관측,0.2043,0.2043,0.131143,67.797659,18,매우높음,강제잔류·압박형,CI 높음 / 주거비 높음
1156010900,11560109,영등포구,영등포동8가,0.641821,매칭,주거비관측,0.2257,0.2257,0.144859,75.170059,11,매우높음,강제잔류·압박형,CI 높음 / 주거비 높음
1117010400,11170104,용산구,갈월동,0.753065,매칭,주거비관측,0.1611,0.1611,0.121319,62.517518,32,매우높음,잠재위험형,CI 높음 / 주거비 낮음
1117010500,11170105,용산구,남영동,0.750421,매칭,주거비관측,0.1738,0.1738,0.130423,67.411013,21,매우높음,잠재위험형,CI 높음 / 주거비 낮음
1117012000,11170120,용산구,도원동,0.387106,매칭,주거비관측,0.1373,0.1373,0.05315,25.877757,296,매우낮음,안정형,CI 낮음 / 주거비 낮음
1117013200,11170132,용산구,동빙고동,0.297042,매칭,주거비관측,0.2684,0.2684,0.079726,40.162102,164,보통,이탈진행형,CI 낮음 / 주거비 높음
1117010700,11170107,용산구,동자동,0.752486,매칭,주거비관측,0.229,0.229,0.172319,89.929492,4,매우높음,강제잔류·압박형,CI 높음 / 주거비 높음
1117012200,11170122,용산구,문배동,0.45947,매칭,주거비관측,0.1312,0.1312,0.060282,29.711555,273,매우낮음,잠재위험형,CI 높음 / 주거비 낮음
1117013600,11170136,용산구,보광동,0.480861,매칭,주거비관측,0.195,0.195,0.093768,47.709401,82,높음,잠재위험형,CI 높음 / 주거비 낮음
1117011500,11170115,용산구,산천동,0.382839,매칭,주거비관측,0.2151,0.2151,0.082349,41.571759,146,보통,이탈진행형,CI 낮음 / 주거비 높음
1117010800,11170108,용산구,서계동,0.53338,매칭,주거비관측,0.2116,0.2116,0.112863,57.972854,43,매우높음,강제잔류·압박형,CI 높음 / 주거비 높음
1117013300,11170133,용산구,서빙고동,0.296871,매칭,주거비관측,0.2994,0.2994,0.088883,45.083967,107,높음,이탈진행형,CI 낮음 / 주거비 높음
1117012300,11170123,용산구,신계동,0.458723,매칭,주거비관측,0.1931,0.1931,0.088579,44.920715,110,높음,잠재위험형,CI 높음 / 주거비 낮음
1117011400,11170114,용산구,신창동,0.382508,매칭,주거비관측,0.2131,0.2131,0.081512,41.122326,152,보통,이탈진행형,CI 낮음 / 주거비 높음
1117012100,11170121,용산구,용문동,0.387238,매칭,주거비관측,0.2393,0.2393,0.092666,47.117223,88,높음,이탈진행형,CI 낮음 / 주거비 높음
1117010600,11170106,용산구,용산동1가,0,미매칭,주거비자료없음,,,,,,,,
1117010200,11170102,용산구,용산동2가,0.476553,매칭,주거비관측,0.2228,0.2228,0.106176,54.378581,61,매우높음,강제잔류·압박형,CI 높음 / 주거비 높음
1117012600,11170126,용산구,용산동3가,0.407075,매칭,주거비관측,0.3261,0.3261,0.132747,68.66002,15,매우높음,강제잔류·압박형,CI 높음 / 주거비 높음
1117010300,11170103,용산구,용산동4가,0,미매칭,주거비자료없음,,,,,,,,
1117012700,11170127,용산구,용산동5가,0.409904,미매칭,주거비자료없음,,,,,,,,
1117013500,11170135,용산구,용산동6가,0,미매칭,주거비자료없음,,,,,,,,
1117011200,11170112,용산구,원효로1가,0.459265,매칭,주거비관측,0.2349,0.2349,0.107881,55.295182,56,매우높음,강제잔류·압박형,CI 높음 / 주거비 높음
1117011300,11170113,용산구,원효로2가,0.459288,매칭,주거비관측,0.2425,0.2425,0.111377,57.174222,48,매우높음,강제잔류·압박형,CI 높음 / 주거비 높음
1117011700,11170117,용산구,원효로3가,0.38176,매칭,주거비관측,0.217,0.217,0.082842,41.836847,144,보통,이탈진행형,CI 낮음 / 주거비 높음
1117011800,11170118,용산구,원효로4가,0.382677,매칭,주거비관측,0.197,0.197,0.075387,37.830166,193,보통,안정형,CI 낮음 / 주거비 낮음
1117012900,11170129,용산구,이촌동,0.218699,매칭,주거비관측,0.2177,0.2177,0.047611,22.900682,309,매우낮음,이탈진행형,CI 낮음 / 주거비 높음
1117013000,11170130,용산구,이태원동,0.426627,매칭,주거비관측,0.2265,0.2265,0.096631,49.248302,74,높음,강제잔류·압박형,CI 높음 / 주거비 높음
1117013400,11170134,용산구,주성동,0.295183,매칭,주거비관측,0.2123,0.2123,0.062667,30.993337,259,낮음,이탈진행형,CI 낮음 / 주거비 높음
1117011600,11170116,용산구,청암동,0.380101,미매칭,주거비자료없음,,,,,,,,
1117010900,11170109,용산구,청파동1가,0.533148,매칭,주거비관측,0.2308,0.2308,0.123051,63.448328,26,매우높음,강제잔류·압박형,CI 높음 / 주거비 높음
1117011000,11170110,용산구,청파동2가,0.533226,매칭,주거비관측,0.2155,0.2155,0.11491,59.072988,41,매우높음,강제잔류·압박형,CI 높음 / 주거비 높음
1117011100,11170111,용산구,청파동3가,0.532764,매칭,주거비관측,0.2033,0.2033,0.108311,55.52606,54,매우높음,강제잔류·압박형,CI 높음 / 주거비 높음
1117012400,11170124,용산구,한강로1가,0.410736,매칭,주거비관측,0.2009,0.2009,0.082517,41.66214,145,보통,강제잔류·압박형,CI 높음 / 주거비 높음
1117012500,11170125,용산구,한강로2가,0.410523,매칭,주거비관측,0.2826,0.2826,0.116014,59.66614,39,매우높음,강제잔류·압박형,CI 높음 / 주거비 높음
1117012800,11170128,용산구,한강로3가,0.410593,매칭,주거비관측,0.1845,0.1845,0.075754,38.02743,188,보통,잠재위험형,CI 높음 / 주거비 낮음
1117013100,11170131,용산구,한남동,0.342811,매칭,주거비관측,0.3185,0.3185,0.109185,55.996087,53,매우높음,이탈진행형,CI 낮음 / 주거비 높음
1117011900,11170119,용산구,효창동,0.335536,매칭,주거비관측,0.24,0.24,0.080529,40.593543,158,보통,이탈진행형,CI 낮음 / 주거비 높음
1117010100,11170101,용산구,후암동,0.435371,매칭,주거비관측,0.214,0.214,0.093169,47.387734,85,높음,강제잔류·압박형,CI 높음 / 주거비 높음
1138010400,11380104,은평구,갈현동,0.399897,매칭,주거비관측,0.1888,0.1888,0.0755,37.890988,190,보통,잠재위험형,CI 높음 / 주거비 낮음
1138010500,11380105,은평구,구산동,0.35283,매칭,주거비관측,0.183,0.183,0.064568,32.014933,247,낮음,안정형,CI 낮음 / 주거비 낮음
1138010200,11380102,은평구,녹번동,0.384938,매칭,주거비관측,0.2069,0.2069,0.079644,40.117917,165,보통,이탈진행형,CI 낮음 / 주거비 높음
1138010600,11380106,은평구,대조동,0.485457,매칭,주거비관측,0.2022,0.2022,0.098159,50.069782,72,높음,강제잔류·압박형,CI 높음 / 주거비 높음
1138010300,11380103,은평구,불광동,0.418395,매칭,주거비관측,0.2031,0.2031,0.084976,42.983909,132,높음,강제잔류·압박형,CI 높음 / 주거비 높음
1138010100,11380101,은평구,수색동,0.325706,매칭,주거비관측,0.2875,0.2875,0.093641,47.640971,84,높음,이탈진행형,CI 낮음 / 주거비 높음
1138010900,11380109,은평구,신사동,0.354646,매칭,주거비관측,0.1758,0.1758,0.062347,30.821078,260,낮음,안정형,CI 낮음 / 주거비 낮음
1138010800,11380108,은평구,역촌동,0.381936,매칭,주거비관측,0.1987,0.1987,0.075891,38.100732,187,보통,안정형,CI 낮음 / 주거비 낮음
1138010700,11380107,은평구,응암동,0.375552,매칭,주거비관측,0.1749,0.1749,0.065684,32.614857,243,낮음,안정형,CI 낮음 / 주거비 낮음
1138011000,11380110,은평구,증산동,0.329968,매칭,주거비관측,0.2259,0.2259,0.07454,37.374569,198,보통,이탈진행형,CI 낮음 / 주거비 높음
1138011400,11380114,은평구,진관동,0.288944,매칭,주거비관측,0.137,0.137,0.039585,18.587215,317,매우낮음,안정형,CI 낮음 / 주거비 낮음
1111014600,11110146,종로구,가회동,0.313893,매칭,주거비관측,0.1588,0.1588,0.049846,24.102243,305,매우낮음,안정형,CI 낮음 / 주거비 낮음
1111012900,11110129,종로구,견지동,0.650187,미매칭,주거비자료없음,,,,,,,,
1111013400,11110134,종로구,경운동,0.654338,미매칭,주거비자료없음,,,,,,,,
1111014800,11110148,종로구,계동,0.312389,매칭,주거비관측,0.1877,0.1877,0.058636,28.826339,281,매우낮음,안정형,CI 낮음 / 주거비 낮음
1111012700,11110127,종로구,공평동,0,미매칭,주거비자료없음,,,,,,,,
1111015500,11110155,종로구,관수동,0.652425,매칭,주거비관측,0.2036,0.2036,0.132834,68.706678,14,매우높음,강제잔류·압박형,CI 높음 / 주거비 높음
1111013500,11110135,종로구,관철동,0.652637,미매칭,주거비자료없음,,,,,,,,
1111012800,11110128,종로구,관훈동,0.639489,미매칭,주거비자료없음,,,,,,,,
1111017600,11110176,종로구,교남동,0.313222,미매칭,주거비자료없음,,,,,,,,
1111018000,11110180,종로구,교북동,0.316411,미매칭,주거비자료없음,,,,,,,,
1111018200,11110182,종로구,구기동,0.232863,매칭,주거비관측,0.2185,0.2185,0.050881,24.658161,299,매우낮음,이탈진행형,CI 낮음 / 주거비 높음
1111010300,11110103,종로구,궁정동,0.299625,미매칭,주거비자료없음,,,,,,,,
1111013100,11110131,종로구,권농동,0.651841,미매칭,주거비자료없음,,,,,,,,
1111013700,11110137,종로구,낙원동,0.652438,미매칭,주거비자료없음,,,,,,,,
1111011800,11110118,종로구,내수동,0.342529,매칭,주거비관측,0.2028,0.2028,0.069465,34.6469,225,낮음,이탈진행형,CI 낮음 / 주거비 높음
1111011400,11110114,종로구,내자동,0.305597,미매칭,주거비자료없음,,,,,,,,
1111010900,11110109,종로구,누상동,0.306491,매칭,주거비관측,0.2202,0.2202,0.067489,33.585172,233,낮음,이탈진행형,CI 낮음 / 주거비 높음
1111011000,11110110,종로구,누하동,0.305773,매칭,주거비관측,0.1561,0.1561,0.047731,22.965478,308,매우낮음,안정형,CI 낮음 / 주거비 낮음
1111011700,11110117,종로구,당주동,0.33525,미매칭,주거비자료없음,,,,,,,,
1111011600,11110116,종로구,도렴동,0,미매칭,주거비자료없음,,,,,,,,
1111015300,11110153,종로구,돈의동,0.650744,미매칭,주거비자료없음,,,,,,,,
1111016800,11110168,종로구,동숭동,0.500037,매칭,주거비관측,0.2265,0.2265,0.113258,58.185211,42,매우높음,강제잔류·압박형,CI 높음 / 주거비 높음
1111017000,11110170,종로구,명륜1가,0.472228,매칭,주거비관측,0.1678,0.1678,0.07924,39.900807,170,보통,잠재위험형,CI 높음 / 주거비 낮음
1111017100,11110171,종로구,명륜2가,0.472495,매칭,주거비관측,0.1273,0.1273,0.060149,29.639635,274,매우낮음,잠재위험형,CI 높음 / 주거비 낮음
1111017300,11110173,종로구,명륜3가,0.472267,매칭,주거비관측,0.1959,0.1959,0.092517,47.037105,89,높음,잠재위험형,CI 높음 / 주거비 낮음
1111017200,11110172,종로구,명륜4가,0.471554,매칭,주거비관측,0.1633,0.1633,0.077005,38.699477,180,보통,잠재위험형,CI 높음 / 주거비 낮음
1111015100,11110151,종로구,묘동,0.637305,미매칭,주거비자료없음,,,,,,,,
1111018700,11110187,종로구,무악동,0.257106,매칭,주거비관측,0.1085,0.1085,0.027896,12.304385,328,매우낮음,안정형,CI 낮음 / 주거비 낮음
1111015200,11110152,종로구,봉익동,0.647549,미매칭,주거비자료없음,,,,,,,,
1111018400,11110184,종로구,부암동,0.291163,매칭,주거비관측,0.1883,0.1883,0.054826,26.778834,292,매우낮음,안정형,CI 낮음 / 주거비 낮음
1111014400,11110144,종로구,사간동,0.303156,미매칭,주거비자료없음,,,,,,,,
1111011500,11110115,종로구,사직동,0.342613,매칭,주거비관측,0.1782,0.1782,0.061054,30.126008,270,매우낮음,안정형,CI 낮음 / 주거비 낮음
1111014000,11110140,종로구,삼청동,0.316712,미매칭,주거비자료없음,,,,,,,,
1111012300,11110123,종로구,서린동,0,미매칭,주거비자료없음,,,,,,,,
1111011900,11110119,종로구,세종로,0,미매칭,주거비자료없음,,,,,,,,
1111014200,11110142,종로구,소격동,0.303156,미매칭,주거비자료없음,,,,,,,,
1111017800,11110178,종로구,송월동,0.315708,미매칭,주거비자료없음,,,,,,,,
1111014500,11110145,종로구,송현동,0,미매칭,주거비자료없음,,,,,,,,
1111012400,11110124,종로구,수송동,0.648021,미매칭,주거비자료없음,,,,,,,,
1111017500,11110175,종로구,숭인동,0.522956,매칭,주거비관측,0.3486,0.3486,0.182302,95.295259,2,매우높음,강제잔류·압박형,CI 높음 / 주거비 높음
1111010200,11110102,종로구,신교동,0.305184,매칭,주거비관측,0.1949,0.1949,0.05948,29.280403,277,매우낮음,안정형,CI 낮음 / 주거비 낮음
1111012000,11110120,종로구,신문로1가,0.305597,미매칭,주거비자료없음,,,,,,,,
1111012100,11110121,종로구,신문로2가,0.342578,매칭,주거비관측,0.4811,0.4811,0.164814,85.89557,5,매우높음,이탈진행형,CI 낮음 / 주거비 높음
1111018600,11110186,종로구,신영동,0.291103,매칭,주거비관측,0.237,0.237,0.068991,34.392452,227,낮음,이탈진행형,CI 낮음 / 주거비 높음
1111014100,11110141,종로구,안국동,0.309378,매칭,주거비관측,0.1062,0.1062,0.032856,14.970243,323,매우낮음,안정형,CI 낮음 / 주거비 낮음
1111016600,11110166,종로구,연건동,0.500045,매칭,주거비관측,0.1782,0.1782,0.089108,45.204772,106,높음,잠재위험형,CI 높음 / 주거비 낮음
1111016000,11110160,종로구,연지동,0.546198,매칭,주거비관측,0.0554,0.0554,0.030259,13.574648,325,매우낮음,잠재위험형,CI 높음 / 주거비 낮음
1111015800,11110158,종로구,예지동,0.649826,미매칭,주거비자료없음,,,,,,,,
1111011100,11110111,종로구,옥인동,0.305202,매칭,주거비관측,0.3122,0.3122,0.095284,48.52439,78,높음,이탈진행형,CI 낮음 / 주거비 높음
1111013000,11110130,종로구,와룡동,0.552281,미매칭,주거비자료없음,,,,,,,,
1111013200,11110132,종로구,운니동,0.643742,매칭,주거비관측,0.0456,0.0456,0.029355,13.088359,326,매우낮음,잠재위험형,CI 높음 / 주거비 낮음
1111015900,11110159,종로구,원남동,0.652132,미매칭,주거비자료없음,,,,,,,,
1111014900,11110149,종로구,원서동,0.314286,매칭,주거비관측,0.1957,0.1957,0.061506,30.369039,266,매우낮음,안정형,CI 낮음 / 주거비 낮음
1111016500,11110165,종로구,이화동,0.499869,매칭,주거비관측,0.1808,0.1808,0.090376,45.886526,99,높음,잠재위험형,CI 높음 / 주거비 낮음
1111013300,11110133,종로구,익선동,0.65165,미매칭,주거비자료없음,,,,,,,,
1111013600,11110136,종로구,인사동,0.644507,미매칭,주거비자료없음,,,,,,,,
1111015700,11110157,종로구,인의동,0.652069,미매칭,주거비자료없음,,,,,,,,
1111015400,11110154,종로구,장사동,0.644321,미매칭,주거비자료없음,,,,,,,,
1111014700,11110147,종로구,재동,0.306,미매칭,주거비자료없음,,,,,,,,
1111010700,11110107,종로구,적선동,0.29529,미매칭,주거비자료없음,,,,,,,,
1111012600,11110126,종로구,종로1가,0.646473,미매칭,주거비자료없음,,,,,,,,
1111013800,11110138,종로구,종로2가,0.622393,미매칭,주거비자료없음,,,,,,,,
1111015600,11110156,종로구,종로3가,0.652125,미매칭,주거비자료없음,,,,,,,,
1111016100,11110161,종로구,종로4가,0.568919,미매칭,주거비자료없음,,,,,,,,
1111016300,11110163,종로구,종로5가,0.544727,미매칭,주거비자료없음,,,,,,,,
1111016400,11110164,종로구,종로6가,0.545178,미매칭,주거비자료없음,,,,,,,,
1111012500,11110125,종로구,중학동,0.370433,미매칭,주거비자료없음,,,,,,,,
1111010500,11110105,종로구,창성동,0.303362,매칭,주거비관측,0.1194,0.1194,0.036221,16.779149,321,매우낮음,안정형,CI 낮음 / 주거비 낮음
1111017400,11110174,종로구,창신동,0.430114,매칭,주거비관측,0.2028,0.2028,0.087227,44.193832,118,높음,강제잔류·압박형,CI 높음 / 주거비 높음
1111010100,11110101,종로구,청운동,0.305462,매칭,주거비관측,0.2723,0.2723,0.083177,42.017123,141,보통,이탈진행형,CI 낮음 / 주거비 높음
1111012200,11110122,종로구,청진동,0.667,미매칭,주거비자료없음,,,,,,,,
1111011200,11110112,종로구,체부동,0.340325,매칭,주거비관측,0.1855,0.1855,0.06313,31.242234,255,낮음,안정형,CI 낮음 / 주거비 낮음
1111016700,11110167,종로구,충신동,0.5462,매칭,주거비관측,0.16,0.16,0.087392,44.282496,116,높음,잠재위험형,CI 높음 / 주거비 낮음
1111010600,11110106,종로구,통의동,0.33498,미매칭,주거비자료없음,,,,,,,,
1111010800,11110108,종로구,통인동,0.304731,매칭,주거비관측,0.2767,0.2767,0.084319,42.630787,136,보통,이탈진행형,CI 낮음 / 주거비 높음
1111013900,11110139,종로구,팔판동,0.315223,미매칭,주거비자료없음,,,,,,,,
1111017700,11110177,종로구,평동,0.31728,미매칭,주거비자료없음,,,,,,,,
1111018300,11110183,종로구,평창동,0.233314,매칭,주거비관측,0.206,0.206,0.048063,23.143624,307,매우낮음,이탈진행형,CI 낮음 / 주거비 높음
1111011300,11110113,종로구,필운동,0.342233,매칭,주거비관측,0.1821,0.1821,0.062321,30.807024,261,낮음,안정형,CI 낮음 / 주거비 낮음
1111018100,11110181,종로구,행촌동,0.317167,매칭,주거비관측,0.2105,0.2105,0.066764,33.195127,238,낮음,이탈진행형,CI 낮음 / 주거비 높음
1111016900,11110169,종로구,혜화동,0.472448,매칭,주거비관측,0.2109,0.2109,0.099639,50.865154,71,높음,강제잔류·압박형,CI 높음 / 주거비 높음
1111018500,11110185,종로구,홍지동,0.290399,매칭,주거비관측,0.301,0.301,0.08741,44.29216,115,높음,이탈진행형,CI 낮음 / 주거비 높음
1111017900,11110179,종로구,홍파동,0.316753,매칭,주거비관측,0.2289,0.2289,0.072505,36.280795,208,낮음,이탈진행형,CI 낮음 / 주거비 높음
1111014300,11110143,종로구,화동,0.30799,미매칭,주거비자료없음,,,,,,,,
1111010400,11110104,종로구,효자동,0.304015,매칭,주거비관측,0.2045,0.2045,0.062171,30.726622,262,낮음,이탈진행형,CI 낮음 / 주거비 높음
1111016200,11110162,종로구,효제동,0.543727,미매칭,주거비자료없음,,,,,,,,
1111015000,11110150,종로구,훈정동,0,미매칭,주거비자료없음,,,,,,,,
1114014500,11140145,중구,광희동1가,0.548073,미매칭,주거비자료없음,,,,,,,,
1114014600,11140146,중구,광희동2가,0.551896,매칭,주거비관측,0.1385,0.1385,0.076438,38.394693,184,보통,잠재위험형,CI 높음 / 주거비 낮음
1114010600,11140106,중구,남대문로1가,0,미매칭,주거비자료없음,,,,,,,,
1114011500,11140115,중구,남대문로2가,0,미매칭,주거비자료없음,,,,,,,,
1114011600,11140116,중구,남대문로3가,0.250878,미매칭,주거비자료없음,,,,,,,,
1114011700,11140117,중구,남대문로4가,0.234979,미매칭,주거비자료없음,,,,,,,,
1114011800,11140118,중구,남대문로5가,0.509457,미매칭,주거비자료없음,,,,,,,,
1114012800,11140128,중구,남산동1가,0.327638,미매칭,주거비자료없음,,,,,,,,
1114012900,11140129,중구,남산동2가,0.384289,매칭,주거비관측,0.0438,0.0438,0.016832,6.357592,330,매우낮음,안정형,CI 낮음 / 주거비 낮음
1114013000,11140130,중구,남산동3가,0.336733,미매칭,주거비자료없음,,,,,,,,
1114011200,11140112,중구,남창동,0.510415,미매칭,주거비자료없음,,,,,,,,
1114014000,11140140,중구,남학동,0.454059,미매칭,주거비자료없음,,,,,,,,
1114010200,11140102,중구,다동,0.276993,미매칭,주거비자료없음,,,,,,,,
1114017300,11140173,중구,만리동1가,0.412633,매칭,주거비관측,0.1589,0.1589,0.065567,32.552135,244,낮음,잠재위험형,CI 높음 / 주거비 낮음
1114017400,11140174,중구,만리동2가,0.414018,매칭,주거비관측,0.1381,0.1381,0.057176,28.0418,284,매우낮음,잠재위험형,CI 높음 / 주거비 낮음
1114012600,11140126,중구,명동1가,0,미매칭,주거비자료없음,,,,,,,,
1114012700,11140127,중구,명동2가,0.379714,미매칭,주거비자료없음,,,,,,,,
1114010100,11140101,중구,무교동,0,미매칭,주거비자료없음,,,,,,,,
1114016400,11140164,중구,무학동,0.475732,매칭,주거비관측,0.1828,0.1828,0.086964,44.052355,119,높음,잠재위험형,CI 높음 / 주거비 낮음
1114013600,11140136,중구,묵정동,0.506212,매칭,주거비관측,0.1606,0.1606,0.081298,41.006881,154,보통,잠재위험형,CI 높음 / 주거비 낮음
1114015300,11140153,중구,방산동,0.5409,미매칭,주거비자료없음,,,,,,,,
1114011900,11140119,중구,봉래동1가,0.400752,미매칭,주거비자료없음,,,,,,,,
1114012000,11140120,중구,봉래동2가,0,미매칭,주거비자료없음,,,,,,,,
1114011300,11140113,중구,북창동,0.399912,미매칭,주거비자료없음,,,,,,,,
1114015700,11140157,중구,산림동,0.546833,미매칭,주거비자료없음,,,,,,,,
1114010700,11140107,중구,삼각동,0,미매칭,주거비자료없음,,,,,,,,
1114016600,11140166,중구,서소문동,0.355115,미매칭,주거비자료없음,,,,,,,,
1114011100,11140111,중구,소공동,0,미매칭,주거비자료없음,,,,,,,,
1114011000,11140110,중구,수표동,0,미매칭,주거비자료없음,,,,,,,,
1114010800,11140108,중구,수하동,0,미매칭,주거비자료없음,,,,,,,,
1114016800,11140168,중구,순화동,0.447233,미매칭,주거비자료없음,,,,,,,,
1114016200,11140162,중구,신당동,0.406429,매칭,주거비관측,0.2115,0.2115,0.08596,43.512645,129,높음,강제잔류·압박형,CI 높음 / 주거비 높음
1114014700,11140147,중구,쌍림동,0.550036,매칭,주거비관측,0.2123,0.2123,0.116773,60.074025,37,매우높음,강제잔류·압박형,CI 높음 / 주거비 높음
1114013500,11140135,중구,예관동,0.469958,미매칭,주거비자료없음,,,,,,,,
1114014200,11140142,중구,예장동,0.446381,매칭,주거비관측,0.2413,0.2413,0.107712,55.204007,57,매우높음,강제잔류·압박형,CI 높음 / 주거비 높음
1114015400,11140154,중구,오장동,0.549535,미매칭,주거비자료없음,,,,,,,,
1114010400,11140104,중구,을지로1가,0,미매칭,주거비자료없음,,,,,,,,
1114010500,11140105,중구,을지로2가,0.310552,미매칭,주거비자료없음,,,,,,,,
1114015500,11140155,중구,을지로3가,0.545505,미매칭,주거비자료없음,,,,,,,,
1114015000,11140150,중구,을지로4가,0.549308,미매칭,주거비자료없음,,,,,,,,
1114015100,11140151,중구,을지로5가,0.551673,미매칭,주거비자료없음,,,,,,,,
1114014800,11140148,중구,을지로6가,0.54315,매칭,주거비관측,0.1529,0.1529,0.083048,41.947465,142,보통,잠재위험형,CI 높음 / 주거비 낮음
1114014900,11140149,중구,을지로7가,0.519553,미매칭,주거비자료없음,,,,,,,,
1114016900,11140169,중구,의주로1가,0.402976,미매칭,주거비자료없음,,,,,,,,
1114017200,11140172,중구,의주로2가,0.261926,미매칭,주거비자료없음,,,,,,,,
1114016000,11140160,중구,인현동1가,0.536496,미매칭,주거비자료없음,,,,,,,,
1114013400,11140134,중구,인현동2가,0.550625,미매칭,주거비자료없음,,,,,,,,
1114015600,11140156,중구,입정동,0.553679,미매칭,주거비자료없음,,,,,,,,
1114010900,11140109,중구,장교동,0,미매칭,주거비자료없음,,,,,,,,
1114014300,11140143,중구,장충동1가,0.51251,매칭,주거비관측,0.2365,0.2365,0.121209,62.458281,33,매우높음,강제잔류·압박형,CI 높음 / 주거비 높음
1114014400,11140144,중구,장충동2가,0.506052,매칭,주거비관측,0.2312,0.2312,0.116999,60.195851,35,매우높음,강제잔류·압박형,CI 높음 / 주거비 높음
1114013100,11140131,중구,저동1가,0.298575,미매칭,주거비자료없음,,,,,,,,
1114016100,11140161,중구,저동2가,0.54775,미매칭,주거비자료없음,,,,,,,,
1114016700,11140167,중구,정동,0.407293,미매칭,주거비자료없음,,,,,,,,
1114015200,11140152,중구,주교동,0.550604,미매칭,주거비자료없음,,,,,,,,
1114014100,11140141,중구,주자동,0.44452,미매칭,주거비자료없음,,,,,,,,
1114017100,11140171,중구,중림동,0.41413,매칭,주거비관측,0.187,0.187,0.077442,38.934668,179,보통,잠재위험형,CI 높음 / 주거비 낮음
1114015900,11140159,중구,초동,0.545479,미매칭,주거비자료없음,,,,,,,,
1114012400,11140124,중구,충무로1가,0.193382,미매칭,주거비자료없음,,,,,,,,
1114012500,11140125,중구,충무로2가,0.362685,미매칭,주거비자료없음,,,,,,,,
1114015800,11140158,중구,충무로3가,0.490955,미매칭,주거비자료없음,,,,,,,,
1114013200,11140132,중구,충무로4가,0.532589,미매칭,주거비자료없음,,,,,,,,
1114013300,11140133,중구,충무로5가,0.531263,미매칭,주거비자료없음,,,,,,,,
1114017000,11140170,중구,충정로1가,0,미매칭,주거비자료없음,,,,,,,,
1114010300,11140103,중구,태평로1가,0,미매칭,주거비자료없음,,,,,,,,
1114011400,11140114,중구,태평로2가,0.380648,미매칭,주거비자료없음,,,,,,,,
1114013700,11140137,중구,필동1가,0.48724,미매칭,주거비자료없음,,,,,,,,
1114013800,11140138,중구,필동2가,0.491083,매칭,주거비관측,0.1763,0.1763,0.086578,43.844933,124,높음,잠재위험형,CI 높음 / 주거비 낮음
1114013900,11140139,중구,필동3가,0.493177,매칭,주거비관측,0.1941,0.1941,0.095726,48.761685,77,높음,잠재위험형,CI 높음 / 주거비 낮음
1114016500,11140165,중구,황학동,0.508556,매칭,주거비관측,0.176,0.176,0.089506,45.418681,105,높음,잠재위험형,CI 높음 / 주거비 낮음
1114012100,11140121,중구,회현동1가,0.472485,매칭,주거비관측,0.246,0.246,0.116231,59.783139,38,매우높음,강제잔류·압박형,CI 높음 / 주거비 높음
1114012200,11140122,중구,회현동2가,0.472021,매칭,주거비관측,0.0106,0.0106,0.005003,0,331,매우낮음,잠재위험형,CI 높음 / 주거비 낮음
1114012300,11140123,중구,회현동3가,0.344432,미매칭,주거비자료없음,,,,,,,,
1114016300,11140163,중구,흥인동,0.516932,미매칭,주거비자료없음,,,,,,,,
1126010500,11260105,중랑구,망우동,0.456823,매칭,주거비관측,0.2006,0.2006,0.091639,46.564995,91,높음,강제잔류·압박형,CI 높음 / 주거비 높음
1126010100,11260101,중랑구,면목동,0.438395,매칭,주거비관측,0.2026,0.2026,0.088819,45.049373,108,높음,강제잔류·압박형,CI 높음 / 주거비 높음
1126010400,11260104,중랑구,묵동,0.36807,매칭,주거비관측,0.1668,0.1668,0.061394,30.308987,267,매우낮음,안정형,CI 낮음 / 주거비 낮음
1126010200,11260102,중랑구,상봉동,0.477147,매칭,주거비관측,0.1886,0.1886,0.08999,45.678765,100,높음,잠재위험형,CI 높음 / 주거비 낮음
1126010600,11260106,중랑구,신내동,0.343329,매칭,주거비관측,0.215,0.215,0.073816,36.985466,200,낮음,이탈진행형,CI 낮음 / 주거비 높음
1126010300,11260103,중랑구,중화동,0.468414,매칭,주거비관측,0.202,0.202,0.09462,48.16722,79,높음,강제잔류·압박형,CI 높음 / 주거비 높음
