법정동코드,시군구명,법정동명,관측품질,LDRI,neighbor_count,gi_star_z,gi_star_p,hotspot_class
1111010100,종로구,청운동,주거비관측,42.017123,3,-0.664879,0.506128,Not significant
1111010200,종로구,신교동,주거비관측,29.280403,3,-0.533415,0.593746,Not significant
1111010400,종로구,효자동,주거비관측,30.726622,4,-1.201193,0.229676,Not significant
1111010500,종로구,창성동,주거비관측,16.779149,3,-0.929281,0.352744,Not significant
1111010800,종로구,통인동,주거비관측,42.630787,5,-1.554078,0.120166,Not significant
1111010900,종로구,누상동,주거비관측,33.585172,6,-1.968015,0.049066,Cold Spot 95%
1111011000,종로구,누하동,주거비관측,22.965478,5,-1.093527,0.274162,Not significant
1111011100,종로구,옥인동,주거비관측,48.52439,9,-1.865733,0.062079,Cold Spot 90%
1111011200,종로구,체부동,주거비관측,31.242234,3,-1.296102,0.19494,Not significant
1111011300,종로구,필운동,주거비관측,30.807024,4,-1.774403,0.075996,Cold Spot 90%
1111011500,종로구,사직동,주거비관측,30.126008,6,-0.782234,0.434077,Not significant
1111011800,종로구,내수동,주거비관측,34.6469,2,0.988388,0.322963,Not significant
1111012100,종로구,신문로2가,주거비관측,85.89557,4,0.356062,0.721794,Not significant
1111013200,종로구,운니동,주거비관측,13.088359,2,-2.021093,0.04327,Cold Spot 95%
1111014100,종로구,안국동,주거비관측,14.970243,0,-1.768263,0.077017,Cold Spot 90%
1111014600,종로구,가회동,주거비관측,24.102243,1,-1.425185,0.154104,Not significant
1111014800,종로구,계동,주거비관측,28.826339,3,-2.337068,0.019436,Cold Spot 95%
1111014900,종로구,원서동,주거비관측,30.369039,3,-1.57332,0.115645,Not significant
1111015500,종로구,관수동,주거비관측,68.706678,0,1.794357,0.072756,Hot Spot 90%
1111016000,종로구,연지동,주거비관측,13.574648,1,-1.150483,0.249945,Not significant
1111016500,종로구,이화동,주거비관측,45.886526,4,0.881334,0.378137,Not significant
1111016600,종로구,연건동,주거비관측,45.204772,5,-0.109554,0.912763,Not significant
1111016700,종로구,충신동,주거비관측,44.282496,3,0.432942,0.665057,Not significant
1111016800,종로구,동숭동,주거비관측,58.185211,6,1.496259,0.134586,Not significant
1111016900,종로구,혜화동,주거비관측,50.865154,7,0.8607,0.389403,Not significant
1111017000,종로구,명륜1가,주거비관측,39.900807,4,0.092886,0.925994,Not significant
1111017100,종로구,명륜2가,주거비관측,29.639635,4,-0.061635,0.950854,Not significant
1111017200,종로구,명륜4가,주거비관측,38.699477,5,0.539506,0.589538,Not significant
1111017300,종로구,명륜3가,주거비관측,47.037105,5,-0.55432,0.57936,Not significant
1111017400,종로구,창신동,주거비관측,44.193832,8,2.442331,0.014593,Hot Spot 95%
1111017500,종로구,숭인동,주거비관측,95.295259,7,0.295689,0.767468,Not significant
1111017900,종로구,홍파동,주거비관측,36.280795,2,1.168954,0.242422,Not significant
1111018100,종로구,행촌동,주거비관측,33.195127,4,-0.310432,0.756233,Not significant
1111018200,종로구,구기동,주거비관측,24.658161,7,-1.908689,0.056302,Cold Spot 90%
1111018300,종로구,평창동,주거비관측,23.143624,5,-1.817041,0.069211,Cold Spot 90%
1111018400,종로구,부암동,주거비관측,26.778834,7,-0.823228,0.410378,Not significant
1111018500,종로구,홍지동,주거비관측,44.29216,5,-1.369915,0.170713,Not significant
1111018600,종로구,신영동,주거비관측,34.392452,4,-1.638992,0.101215,Not significant
1111018700,종로구,무악동,주거비관측,12.304385,4,-1.898386,0.057645,Cold Spot 90%
1114012100,중구,회현동1가,주거비관측,59.783139,4,-1.177593,0.238959,Not significant
1114012200,중구,회현동2가,주거비관측,0,1,-1.103357,0.269872,Not significant
1114012900,중구,남산동2가,주거비관측,6.357592,2,-0.137459,0.890668,Not significant
1114013600,중구,묵정동,주거비관측,41.006881,2,0.961356,0.336373,Not significant
1114013800,중구,필동2가,주거비관측,43.844933,3,1.379976,0.167594,Not significant
1114013900,중구,필동3가,주거비관측,48.761685,3,0.907201,0.3643,Not significant
1114014200,중구,예장동,주거비관측,55.204007,6,0.901819,0.367153,Not significant
1114014300,중구,장충동1가,주거비관측,62.458281,4,1.683263,0.092324,Hot Spot 90%
1114014400,중구,장충동2가,주거비관측,60.195851,10,2.367393,0.017914,Hot Spot 95%
1114014600,중구,광희동2가,주거비관측,38.394693,4,1.138901,0.254745,Not significant
1114014700,중구,쌍림동,주거비관측,60.074025,3,1.816761,0.069254,Hot Spot 90%
1114014800,중구,을지로6가,주거비관측,41.947465,2,-0.041089,0.967225,Not significant
1114016200,중구,신당동,주거비관측,43.512645,11,0.765395,0.444036,Not significant
1114016400,중구,무학동,주거비관측,44.052355,1,0.201029,0.840676,Not significant
1114016500,중구,황학동,주거비관측,45.418681,4,1.55167,0.120741,Not significant
1114017100,중구,중림동,주거비관측,38.934668,5,-1.280789,0.200268,Not significant
1114017300,중구,만리동1가,주거비관측,32.552135,3,-0.301878,0.762745,Not significant
1114017400,중구,만리동2가,주거비관측,28.0418,4,-0.675414,0.499413,Not significant
1117010100,용산구,후암동,주거비관측,47.387734,5,3.255101,0.001134,Hot Spot 99%
1117010200,용산구,용산동2가,주거비관측,54.378581,4,1.736332,0.082505,Hot Spot 90%
1117010400,용산구,갈월동,주거비관측,62.517518,9,3.306451,0.000945,Hot Spot 99%
1117010500,용산구,남영동,주거비관측,67.411013,1,2.190038,0.028521,Hot Spot 95%
1117010700,용산구,동자동,주거비관측,89.929492,4,3.372292,0.000745,Hot Spot 99%
1117010800,용산구,서계동,주거비관측,57.972854,6,1.239326,0.215225,Not significant
1117010900,용산구,청파동1가,주거비관측,63.448328,5,3.370426,0.000751,Hot Spot 99%
1117011000,용산구,청파동2가,주거비관측,59.072988,5,1.958131,0.050215,Hot Spot 90%
1117011100,용산구,청파동3가,주거비관측,55.52606,4,1.93294,0.053244,Hot Spot 90%
1117011200,용산구,원효로1가,주거비관측,55.295182,6,1.37187,0.170104,Not significant
1117011300,용산구,원효로2가,주거비관측,57.174222,6,0.636218,0.524634,Not significant
1117011400,용산구,신창동,주거비관측,41.122326,5,-0.395299,0.692622,Not significant
1117011500,용산구,산천동,주거비관측,41.571759,4,-0.324513,0.74555,Not significant
1117011700,용산구,원효로3가,주거비관측,41.836847,6,0.418215,0.67579,Not significant
1117011800,용산구,원효로4가,주거비관측,37.830166,5,-0.724405,0.468817,Not significant
1117011900,용산구,효창동,주거비관측,40.593543,9,1.231549,0.218118,Not significant
1117012000,용산구,도원동,주거비관측,25.877757,5,-0.071989,0.942611,Not significant
1117012100,용산구,용문동,주거비관측,47.117223,5,0.105601,0.915899,Not significant
1117012200,용산구,문배동,주거비관측,29.711555,6,1.503593,0.132686,Not significant
1117012300,용산구,신계동,주거비관측,44.920715,6,0.888676,0.374178,Not significant
1117012400,용산구,한강로1가,주거비관측,41.66214,4,1.611129,0.107152,Not significant
1117012500,용산구,한강로2가,주거비관측,59.66614,5,0.894515,0.371046,Not significant
1117012600,용산구,용산동3가,주거비관측,68.66002,2,1.730147,0.083604,Hot Spot 90%
1117012800,용산구,한강로3가,주거비관측,38.02743,5,-0.127313,0.898693,Not significant
1117012900,용산구,이촌동,주거비관측,22.900682,7,-0.589686,0.555401,Not significant
1117013000,용산구,이태원동,주거비관측,49.248302,5,1.577506,0.114679,Not significant
1117013100,용산구,한남동,주거비관측,55.996087,7,-0.010888,0.991313,Not significant
1117013200,용산구,동빙고동,주거비관측,40.162102,5,-0.414333,0.67863,Not significant
1117013300,용산구,서빙고동,주거비관측,45.083967,3,-1.18607,0.235595,Not significant
1117013400,용산구,주성동,주거비관측,30.993337,3,-0.873836,0.382208,Not significant
1117013600,용산구,보광동,주거비관측,47.709401,5,-0.116722,0.907081,Not significant
1120010200,성동구,하왕십리동,주거비관측,38.381449,7,-0.767212,0.442956,Not significant
1120010300,성동구,홍익동,주거비관측,23.943416,5,-0.536863,0.591363,Not significant
1120010400,성동구,도선동,주거비관측,39.263077,3,-0.995932,0.319283,Not significant
1120010500,성동구,마장동,주거비관측,35.790346,5,1.344172,0.178893,Not significant
1120010600,성동구,사근동,주거비관측,62.704869,5,1.413059,0.157638,Not significant
1120010700,성동구,행당동,주거비관측,35.071517,8,-0.995818,0.319339,Not significant
1120010800,성동구,응봉동,주거비관측,26.17436,4,-1.488165,0.136707,Not significant
1120010900,성동구,금호동1가,주거비관측,31.059705,8,-1.232482,0.217769,Not significant
1120011000,성동구,금호동2가,주거비관측,45.480865,3,-0.780255,0.435241,Not significant
1120011100,성동구,금호동3가,주거비관측,38.454611,4,-0.944538,0.344895,Not significant
1120011200,성동구,금호동4가,주거비관측,28.140924,6,-1.287158,0.198039,Not significant
1120011300,성동구,옥수동,주거비관측,33.408975,6,-0.582763,0.560053,Not significant
1120011400,성동구,성수동1가,주거비관측,37.874817,7,-0.697663,0.485388,Not significant
1120011500,성동구,성수동2가,주거비관측,46.310135,7,1.98025,0.047675,Hot Spot 95%
1120011800,성동구,송정동,주거비관측,56.517417,6,2.356257,0.01846,Hot Spot 95%
1120012200,성동구,용답동,주거비관측,83.909075,7,1.985371,0.047103,Hot Spot 95%
1121510100,광진구,중곡동,주거비관측,44.281917,6,0.893965,0.371341,Not significant
1121510200,광진구,능동,주거비관측,43.669442,4,1.104788,0.269251,Not significant
1121510300,광진구,구의동,주거비관측,39.15992,5,-0.161477,0.871717,Not significant
1121510400,광진구,광장동,주거비관측,21.420978,4,-1.262172,0.206887,Not significant
1121510500,광진구,자양동,주거비관측,39.914871,5,-0.140533,0.888239,Not significant
1121510700,광진구,화양동,주거비관측,55.482185,6,1.320414,0.186697,Not significant
1121510900,광진구,군자동,주거비관측,62.650115,4,1.622575,0.10468,Not significant
1123010100,동대문구,신설동,주거비관측,31.803737,6,1.315338,0.188396,Not significant
1123010200,동대문구,용두동,주거비관측,57.715758,10,0.743633,0.457099,Not significant
1123010300,동대문구,제기동,주거비관측,44.683571,5,1.358483,0.17431,Not significant
1123010400,동대문구,전농동,주거비관측,37.465559,7,0.367967,0.712898,Not significant
1123010500,동대문구,답십리동,주거비관측,38.47,4,1.338359,0.180779,Not significant
1123010600,동대문구,장안동,주거비관측,35.513069,7,0.779594,0.43563,Not significant
1123010700,동대문구,청량리동,주거비관측,56.021242,5,0.697173,0.485694,Not significant
1123010800,동대문구,회기동,주거비관측,53.963506,7,0.35308,0.724028,Not significant
1123010900,동대문구,휘경동,주거비관측,24.831538,7,0.334963,0.737653,Not significant
1123011000,동대문구,이문동,주거비관측,56.602212,5,0.02577,0.979441,Not significant
1126010100,중랑구,면목동,주거비관측,45.049373,5,-0.216288,0.828763,Not significant
1126010200,중랑구,상봉동,주거비관측,45.678765,6,-0.351655,0.725097,Not significant
1126010300,중랑구,중화동,주거비관측,48.16722,4,-0.078145,0.937713,Not significant
1126010400,중랑구,묵동,주거비관측,30.308987,7,-0.06767,0.946048,Not significant
1126010500,중랑구,망우동,주거비관측,46.564995,3,0.256813,0.797323,Not significant
1126010600,중랑구,신내동,주거비관측,36.985466,4,-0.366253,0.714176,Not significant
1129010100,성북구,성북동,주거비관측,43.879409,9,-0.816854,0.414012,Not significant
1129010200,성북구,성북동1가,주거비관측,40.669064,4,0.796579,0.425696,Not significant
1129010300,성북구,돈암동,주거비관측,43.465431,15,1.608269,0.107776,Not significant
1129010400,성북구,동소문동1가,주거비관측,31.875502,4,-0.174936,0.86113,Not significant
1129010700,성북구,동소문동4가,주거비관측,42.454619,3,-0.277516,0.781384,Not significant
1129010900,성북구,동소문동6가,주거비관측,40.437475,5,-0.015579,0.98757,Not significant
1129011000,성북구,동소문동7가,주거비관측,53.037854,3,0.267528,0.789063,Not significant
1129011100,성북구,삼선동1가,주거비관측,67.622499,5,1.397269,0.162333,Not significant
1129011200,성북구,삼선동2가,주거비관측,39.546029,6,1.93193,0.053368,Hot Spot 90%
1129011300,성북구,삼선동3가,주거비관측,54.489575,4,-0.137927,0.890298,Not significant
1129011400,성북구,삼선동4가,주거비관측,47.292649,4,1.468789,0.14189,Not significant
1129011500,성북구,삼선동5가,주거비관측,42.811309,7,0.593647,0.552749,Not significant
1129011600,성북구,동선동1가,주거비관측,43.899952,3,2.103211,0.035447,Hot Spot 95%
1129011700,성북구,동선동2가,주거비관측,73.306219,7,2.506767,0.012184,Hot Spot 95%
1129011800,성북구,동선동3가,주거비관측,80.294824,4,1.938457,0.052568,Hot Spot 90%
1129011900,성북구,동선동4가,주거비관측,32.223789,5,0.767232,0.442944,Not significant
1129012000,성북구,동선동5가,주거비관측,37.659602,4,-0.041291,0.967064,Not significant
1129012100,성북구,안암동1가,주거비관측,68.054576,6,1.585857,0.112772,Not significant
1129012200,성북구,안암동2가,주거비관측,24.215917,4,1.554513,0.120062,Not significant
1129012300,성북구,안암동3가,주거비관측,65.70205,5,0.027222,0.978283,Not significant
1129012400,성북구,안암동4가,주거비관측,39.993957,6,0.499263,0.617594,Not significant
1129012500,성북구,안암동5가,주거비관측,62.534443,8,1.629362,0.103236,Not significant
1129012600,성북구,보문동4가,주거비관측,18.589237,5,-0.284653,0.77591,Not significant
1129012700,성북구,보문동5가,주거비관측,40.420696,5,-2.413874,0.015784,Cold Spot 95%
1129012800,성북구,보문동6가,주거비관측,35.016376,5,-0.321835,0.747577,Not significant
1129012900,성북구,보문동7가,주거비관측,34.894561,6,0.114362,0.908951,Not significant
1129013000,성북구,보문동1가,주거비관측,39.812485,7,0.292275,0.770077,Not significant
1129013100,성북구,보문동2가,주거비관측,12.977683,5,-1.619126,0.10542,Not significant
1129013200,성북구,보문동3가,주거비관측,19.445108,7,0.162737,0.870725,Not significant
1129013300,성북구,정릉동,주거비관측,30.374488,7,-1.337267,0.181136,Not significant
1129013400,성북구,길음동,주거비관측,38.191715,4,-0.487726,0.625744,Not significant
1129013500,성북구,종암동,주거비관측,41.239113,5,1.09457,0.273705,Not significant
1129013600,성북구,하월곡동,주거비관측,42.039332,8,0.491629,0.622982,Not significant
1129013700,성북구,상월곡동,주거비관측,40.191139,4,0.261257,0.793894,Not significant
1129013800,성북구,장위동,주거비관측,43.850952,6,-0.05851,0.953342,Not significant
1129013900,성북구,석관동,주거비관측,36.921398,6,0.241948,0.80882,Not significant
1130510100,강북구,미아동,주거비관측,37.787558,6,-0.376565,0.706497,Not significant
1130510200,강북구,번동,주거비관측,49.166939,6,-0.359406,0.719291,Not significant
1130510300,강북구,수유동,주거비관측,35.190377,6,-0.743529,0.457162,Not significant
1130510400,강북구,우이동,주거비관측,37.508001,4,-1.122369,0.261705,Not significant
1132010500,도봉구,쌍문동,주거비관측,36.634995,5,-0.70194,0.482717,Not significant
1132010600,도봉구,방학동,주거비관측,30.184242,5,-1.2238,0.221028,Not significant
1132010700,도봉구,창동,주거비관측,35.428328,6,-0.796845,0.425541,Not significant
1132010800,도봉구,도봉동,주거비관측,31.066099,3,-1.120618,0.26245,Not significant
1135010200,노원구,월계동,주거비관측,39.220693,8,-0.61315,0.539777,Not significant
1135010300,노원구,공릉동,주거비관측,36.392408,5,-0.866396,0.386273,Not significant
1135010400,노원구,하계동,주거비관측,41.921639,4,-0.69395,0.487714,Not significant
1135010500,노원구,상계동,주거비관측,34.156858,6,-1.169881,0.242049,Not significant
1135010600,노원구,중계동,주거비관측,33.253813,3,-0.694052,0.48765,Not significant
1138010100,은평구,수색동,주거비관측,47.640971,4,-0.719031,0.472122,Not significant
1138010200,은평구,녹번동,주거비관측,40.117917,5,-0.322435,0.747123,Not significant
1138010300,은평구,불광동,주거비관측,42.983909,6,-1.08853,0.276361,Not significant
1138010400,은평구,갈현동,주거비관측,37.890988,5,-0.823725,0.410096,Not significant
1138010500,은평구,구산동,주거비관측,32.014933,3,-0.282731,0.777383,Not significant
1138010600,은평구,대조동,주거비관측,50.069782,5,-0.236508,0.813038,Not significant
1138010700,은평구,응암동,주거비관측,32.614857,7,-1.142818,0.253114,Not significant
1138010800,은평구,역촌동,주거비관측,38.100732,6,-0.755172,0.450146,Not significant
1138010900,은평구,신사동,주거비관측,30.821078,4,-0.646018,0.518268,Not significant
1138011000,은평구,증산동,주거비관측,37.374569,4,-0.796319,0.425846,Not significant
1138011400,은평구,진관동,주거비관측,18.587215,3,-1.413496,0.15751,Not significant
1141010100,서대문구,충정로2가,주거비관측,35.814394,2,-0.628961,0.529375,Not significant
1141010200,서대문구,충정로3가,주거비관측,45.67377,4,-0.928011,0.353402,Not significant
1141010500,서대문구,냉천동,주거비관측,27.05496,6,-0.771827,0.440217,Not significant
1141010600,서대문구,천연동,주거비관측,45.012209,3,-0.237249,0.812464,Not significant
1141010700,서대문구,옥천동,주거비관측,57.753743,4,-0.856881,0.39151,Not significant
1141010800,서대문구,영천동,주거비관측,20.04131,3,-1.068798,0.285161,Not significant
1141011000,서대문구,북아현동,주거비관측,29.621314,10,0.216662,0.828472,Not significant
1141011100,서대문구,홍제동,주거비관측,35.359015,7,-1.362686,0.172981,Not significant
1141011200,서대문구,대현동,주거비관측,53.409376,7,3.627229,0.000286,Hot Spot 99%
1141011300,서대문구,대신동,주거비관측,93.536476,2,4.114984,0.000039,Hot Spot 99%
1141011400,서대문구,신촌동,주거비관측,85.15775,5,3.512448,0.000444,Hot Spot 99%
1141011600,서대문구,창천동,주거비관측,76.277943,6,3.454789,0.000551,Hot Spot 99%
1141011700,서대문구,연희동,주거비관측,40.633416,7,1.567962,0.11689,Not significant
1141011800,서대문구,홍은동,주거비관측,34.140495,8,-0.924173,0.355396,Not significant
1141011900,서대문구,북가좌동,주거비관측,33.062245,6,-0.612716,0.540064,Not significant
1141012000,서대문구,남가좌동,주거비관측,38.666058,6,-0.609881,0.54194,Not significant
1144010100,마포구,아현동,주거비관측,28.065324,6,-0.767802,0.442605,Not significant
1144010200,마포구,공덕동,주거비관측,40.487759,8,1.030924,0.302576,Not significant
1144010300,마포구,신공덕동,주거비관측,42.27982,3,0.257159,0.797056,Not significant
1144010400,마포구,도화동,주거비관측,50.927853,8,0.476664,0.633602,Not significant
1144010500,마포구,용강동,주거비관측,31.583581,7,1.853159,0.06386,Hot Spot 90%
1144010600,마포구,토정동,주거비관측,41.462475,2,1.262113,0.206908,Not significant
1144010700,마포구,마포동,주거비관측,84.751864,3,1.403929,0.16034,Not significant
1144010800,마포구,대흥동,주거비관측,47.932511,5,0.731078,0.464732,Not significant
1144010900,마포구,염리동,주거비관측,38.007133,7,-0.310336,0.756306,Not significant
1144011000,마포구,노고산동,주거비관측,62.286747,6,2.321482,0.020261,Hot Spot 95%
1144011100,마포구,신수동,주거비관측,43.436096,6,1.006211,0.314314,Not significant
1144011200,마포구,현석동,주거비관측,73.248832,3,0.71151,0.476768,Not significant
1144011300,마포구,구수동,주거비관측,39.664364,3,0.762927,0.445507,Not significant
1144011400,마포구,창전동,주거비관측,33.127592,7,0.254749,0.798917,Not significant
1144011500,마포구,상수동,주거비관측,33.479288,5,-0.749457,0.453582,Not significant
1144011600,마포구,하중동,주거비관측,11.129901,2,-1.811731,0.070028,Cold Spot 90%
1144011800,마포구,당인동,주거비관측,41.463131,2,-0.028986,0.976876,Not significant
1144012000,마포구,서교동,주거비관측,53.943096,7,0.766089,0.443623,Not significant
1144012100,마포구,동교동,주거비관측,66.818542,5,2.348865,0.018831,Hot Spot 95%
1144012200,마포구,합정동,주거비관측,49.227622,5,0.393557,0.693908,Not significant
1144012300,마포구,망원동,주거비관측,39.793552,4,0.463008,0.643359,Not significant
1144012400,마포구,연남동,주거비관측,43.518801,5,2.097364,0.035961,Hot Spot 95%
1144012500,마포구,성산동,주거비관측,45.559467,7,0.16314,0.870408,Not significant
1144012600,마포구,중동,주거비관측,42.698897,4,-0.388274,0.697813,Not significant
1144012700,마포구,상암동,주거비관측,35.205755,6,-0.287254,0.773918,Not significant
1147010100,양천구,신정동,주거비관측,29.87979,8,-2.022397,0.043135,Cold Spot 95%
1147010200,양천구,목동,주거비관측,24.598214,5,-0.865004,0.387037,Not significant
1147010300,양천구,신월동,주거비관측,31.554296,4,-1.603981,0.108718,Not significant
1150010100,강서구,염창동,주거비관측,36.172036,3,-0.468882,0.639154,Not significant
1150010200,강서구,등촌동,주거비관측,56.510434,4,-0.760923,0.446703,Not significant
1150010300,강서구,화곡동,주거비관측,36.066313,5,-1.142421,0.253279,Not significant
1150010400,강서구,가양동,주거비관측,52.622969,0,0.728039,0.46659,Not significant
1150010500,강서구,마곡동,주거비관측,46.445561,2,-0.350233,0.726164,Not significant
1150010600,강서구,내발산동,주거비관측,29.353301,5,-0.984849,0.324698,Not significant
1150010700,강서구,외발산동,주거비관측,27.585211,3,-1.511972,0.130541,Not significant
1150010800,강서구,공항동,주거비관측,32.670291,4,-1.058005,0.290053,Not significant
1150010900,강서구,방화동,주거비관측,36.686994,2,-0.350233,0.726164,Not significant
1153010100,구로구,신도림동,주거비관측,28.93354,4,-1.664139,0.096085,Cold Spot 90%
1153010200,구로구,구로동,주거비관측,36.081478,9,0.003228,0.997425,Not significant
1153010300,구로구,가리봉동,주거비관측,59.479695,3,1.262263,0.206854,Not significant
1153010600,구로구,고척동,주거비관측,39.372953,3,-1.12293,0.261467,Not significant
1153010700,구로구,개봉동,주거비관측,27.51156,6,-1.672304,0.094464,Cold Spot 90%
1153010800,구로구,오류동,주거비관측,44.676098,5,-1.881607,0.059889,Cold Spot 90%
1153010900,구로구,궁동,주거비관측,30.379028,4,-1.250977,0.210943,Not significant
1153011000,구로구,온수동,주거비관측,33.825984,3,-1.021744,0.306902,Not significant
1153011100,구로구,천왕동,주거비관측,17.463683,3,-1.662109,0.096491,Cold Spot 90%
1153011200,구로구,항동,주거비관측,27.00323,3,-1.451834,0.146548,Not significant
1154510100,금천구,가산동,주거비관측,62.730148,3,1.262263,0.206854,Not significant
1154510200,금천구,독산동,주거비관측,46.180298,5,1.332289,0.182765,Not significant
1154510300,금천구,시흥동,주거비관측,40.820462,2,0.594448,0.552212,Not significant
1156010100,영등포구,영등포동,주거비관측,63.285235,6,1.988095,0.046801,Hot Spot 95%
1156010200,영등포구,영등포동1가,주거비관측,53.821406,4,2.188003,0.028669,Hot Spot 95%
1156010300,영등포구,영등포동2가,주거비관측,60.15307,5,2.475636,0.0133,Hot Spot 95%
1156010400,영등포구,영등포동3가,주거비관측,57.798833,5,2.9109,0.003604,Hot Spot 99%
1156010500,영등포구,영등포동4가,주거비관측,66.968768,6,1.721848,0.085097,Hot Spot 90%
1156010600,영등포구,영등포동5가,주거비관측,54.552804,5,3.409919,0.00065,Hot Spot 99%
1156010700,영등포구,영등포동6가,주거비관측,67.605846,7,2.223935,0.026153,Hot Spot 95%
1156010800,영등포구,영등포동7가,주거비관측,67.797659,6,3.220488,0.00128,Hot Spot 99%
1156010900,영등포구,영등포동8가,주거비관측,75.170059,4,2.232928,0.025554,Hot Spot 95%
1156011100,영등포구,당산동1가,주거비관측,54.389182,4,0.336159,0.736751,Not significant
1156011200,영등포구,당산동2가,주거비관측,28.981568,5,0.14345,0.885935,Not significant
1156011300,영등포구,당산동3가,주거비관측,43.669869,6,1.354951,0.175433,Not significant
1156011400,영등포구,당산동4가,주거비관측,47.184985,6,2.091837,0.036453,Hot Spot 95%
1156011600,영등포구,당산동6가,주거비관측,46.535586,3,1.31154,0.189675,Not significant
1156011700,영등포구,당산동,주거비관측,46.373337,6,1.957162,0.050328,Hot Spot 90%
1156011800,영등포구,도림동,주거비관측,57.198943,4,0.486252,0.626789,Not significant
1156011900,영등포구,문래동1가,주거비관측,24.53559,6,0.183423,0.854466,Not significant
1156012100,영등포구,문래동3가,주거비관측,24.830731,6,1.116548,0.264188,Not significant
1156012500,영등포구,양평동1가,주거비관측,68.331062,5,1.387415,0.165315,Not significant
1156012600,영등포구,양평동2가,주거비관측,100,2,3.006739,0.002641,Hot Spot 99%
1156012700,영등포구,양평동3가,주거비관측,34.907265,7,1.241774,0.21432,Not significant
1156012800,영등포구,양평동4가,주거비관측,37.872399,5,0.243541,0.807586,Not significant
1156012900,영등포구,양평동5가,주거비관측,45.906019,3,0.453061,0.650505,Not significant
1156013000,영등포구,양평동6가,주거비관측,50.020046,1,0.593589,0.552787,Not significant
1156013200,영등포구,신길동,주거비관측,46.497077,7,1.333334,0.182422,Not significant
1156013300,영등포구,대림동,주거비관측,32.991844,7,-0.321301,0.747983,Not significant
1159010100,동작구,노량진동,주거비관측,64.033909,4,-0.094172,0.924973,Not significant
1159010200,동작구,상도동,주거비관측,41.161924,9,0.376441,0.706589,Not significant
1159010300,동작구,상도1동,주거비관측,36.700261,2,-0.216687,0.828452,Not significant
1159010400,동작구,본동,주거비관측,41.419001,5,-0.234582,0.814533,Not significant
1159010500,동작구,흑석동,주거비관측,35.033108,4,-0.684205,0.493846,Not significant
1159010600,동작구,동작동,주거비관측,44.757354,6,-1.237081,0.216057,Not significant
1159010700,동작구,사당동,주거비관측,42.892384,5,0.240395,0.810024,Not significant
1159010800,동작구,대방동,주거비관측,35.535942,4,0.5652,0.571938,Not significant
1159010900,동작구,신대방동,주거비관측,39.926391,6,0.270443,0.786819,Not significant
1162010100,관악구,봉천동,주거비관측,52.66527,5,0.703767,0.481578,Not significant
1162010200,관악구,신림동,주거비관측,53.407197,7,0.344502,0.730469,Not significant
1162010300,관악구,남현동,주거비관측,45.600925,4,0.535278,0.592458,Not significant
1165010100,서초구,방배동,주거비관측,31.586397,6,-0.996893,0.318817,Not significant
1165010200,서초구,양재동,주거비관측,43.979583,6,-2.496274,0.012551,Cold Spot 95%
1165010300,서초구,우면동,주거비관측,31.476024,3,-0.932695,0.350977,Not significant
1165010600,서초구,잠원동,주거비관측,21.46108,8,-0.973682,0.330214,Not significant
1165010700,서초구,반포동,주거비관측,24.242566,8,-1.51563,0.129613,Not significant
1165010800,서초구,서초동,주거비관측,31.516398,7,-1.596987,0.110269,Not significant
1165010900,서초구,내곡동,주거비관측,15.568076,6,-2.540731,0.011062,Cold Spot 95%
1165011000,서초구,염곡동,주거비관측,14.75475,4,-2.395323,0.016606,Cold Spot 95%
1165011100,서초구,신원동,주거비관측,27.645833,3,-2.15184,0.03141,Cold Spot 95%
1168010100,강남구,역삼동,주거비관측,41.017324,6,-1.984596,0.047189,Cold Spot 95%
1168010300,강남구,개포동,주거비관측,25.962905,6,-2.90077,0.003722,Cold Spot 99%
1168010400,강남구,청담동,주거비관측,34.001172,6,-0.95991,0.337101,Not significant
1168010500,강남구,삼성동,주거비관측,29.828987,6,-1.311926,0.189545,Not significant
1168010600,강남구,대치동,주거비관측,24.500195,6,-2.333453,0.019624,Cold Spot 95%
1168010700,강남구,신사동,주거비관측,21.14142,4,-0.929094,0.35284,Not significant
1168010800,강남구,논현동,주거비관측,44.463036,7,-2.024795,0.042888,Cold Spot 95%
1168011100,강남구,세곡동,주거비관측,42.245723,3,-2.054236,0.039953,Cold Spot 95%
1168011200,강남구,자곡동,주거비관측,30.272353,6,-2.199645,0.027832,Cold Spot 95%
1168011300,강남구,율현동,주거비관측,16.7931,3,-1.337881,0.180935,Not significant
1168011400,강남구,일원동,주거비관측,34.57519,7,-2.409996,0.015953,Cold Spot 95%
1168011800,강남구,도곡동,주거비관측,17.447297,5,-1.784402,0.074358,Cold Spot 90%
1171010100,송파구,잠실동,주거비관측,25.889249,6,-1.158603,0.246618,Not significant
1171010300,송파구,풍납동,주거비관측,30.523234,4,-0.969301,0.332395,Not significant
1171010400,송파구,송파동,주거비관측,36.363162,5,-1.040747,0.297993,Not significant
1171010500,송파구,석촌동,주거비관측,47.853166,4,-0.699741,0.484089,Not significant
1171010600,송파구,삼전동,주거비관측,46.667657,4,-0.753078,0.451403,Not significant
1171010700,송파구,가락동,주거비관측,27.978026,9,-1.02947,0.303259,Not significant
1171010800,송파구,문정동,주거비관측,37.079766,4,-1.864235,0.062289,Cold Spot 90%
1171011100,송파구,방이동,주거비관측,40.185339,6,-1.359703,0.173924,Not significant
1171011200,송파구,오금동,주거비관측,33.421349,5,-0.836345,0.402961,Not significant
1171011300,송파구,거여동,주거비관측,33.591307,4,-0.849943,0.395357,Not significant
1171011400,송파구,마천동,주거비관측,47.645663,2,-0.394176,0.693451,Not significant
1174010100,강동구,명일동,주거비관측,22.680474,5,-1.546895,0.121889,Not significant
1174010200,강동구,고덕동,주거비관측,32.175205,3,-1.782027,0.074745,Cold Spot 90%
1174010300,강동구,상일동,주거비관측,27.005422,2,-1.653383,0.098253,Cold Spot 90%
1174010500,강동구,길동,주거비관측,36.477892,4,-1.079717,0.280268,Not significant
1174010600,강동구,둔촌동,주거비관측,29.269775,3,-0.687624,0.49169,Not significant
1174010700,강동구,암사동,주거비관측,31.192395,4,-1.704486,0.08829,Cold Spot 90%
1174010800,강동구,성내동,주거비관측,39.98474,5,-0.812977,0.416231,Not significant
1174010900,강동구,천호동,주거비관측,43.600663,6,-1.659261,0.097063,Cold Spot 90%
