순위,시군구명,법정동명,법정동코드,LDRI_raw,점수,총점_raw,총점
1,영등포구,양평동2가,1156012600,0.521384,0,0.521384,100
2,종로구,숭인동,1111017500,0.494563,0,0.494563,94.855807
3,서대문구,대신동,1141011300,0.4819,0,0.4819,92.427079
4,용산구,동자동,1117010700,0.459823,0,0.459823,88.192772
5,종로구,신문로2가,1111012100,0.450981,0,0.450981,86.496901
6,마포구,마포동,1144010700,0.445244,0,0.445244,85.39656
7,서대문구,신촌동,1141011400,0.438299,0,0.438299,84.064528
8,성동구,용답동,1120012200,0.433759,0,0.433759,83.193769
9,성북구,동선동3가,1129011800,0.415714,0,0.415714,79.732788
10,서대문구,창천동,1141011600,0.392039,0.0001,0.392009,75.186235
11,영등포구,영등포동8가,1156010900,0.386273,0,0.386273,74.086086
12,마포구,현석동,1144011200,0.385239,0.0121,0.381609,73.191544
13,성북구,동선동2가,1129011700,0.379308,0,0.379308,72.750219
14,용산구,용산동3가,1117012600,0.359346,0,0.359346,68.921563
15,영등포구,양평동1가,1156012500,0.356521,0,0.356521,68.379735
16,성북구,삼선동1가,1129011100,0.35343,0,0.35343,67.78689
17,종로구,관수동,1111015500,0.352313,0,0.352313,67.572653
18,성북구,안암동1가,1129012100,0.350987,0,0.350987,67.31833
19,영등포구,영등포동7가,1156010800,0.347892,0,0.347892,66.724717
20,영등포구,영등포동6가,1156010700,0.346918,0,0.346918,66.537907
21,마포구,동교동,1144012100,0.346473,0,0.346473,66.452557
22,영등포구,영등포동4가,1156010500,0.343615,0,0.343615,65.904401
23,용산구,남영동,1117010500,0.342661,0,0.342661,65.721426
24,성북구,안암동3가,1129012300,0.338742,0,0.338742,64.969773
25,용산구,청파동1가,1117010900,0.328477,0,0.328477,63.000974
26,광진구,군자동,1121510900,0.324798,0,0.324798,62.295352
27,중구,장충동1가,1114014300,0.323935,0,0.323935,62.129831
28,성동구,사근동,1120010600,0.322843,0,0.322843,61.920389
29,마포구,노고산동,1144011000,0.322999,0.0012,0.322639,61.881262
30,성북구,안암동5가,1129012500,0.322262,0,0.322262,61.808955
31,금천구,가산동,1154510100,0.321866,0.0012,0.321506,61.663956
32,영등포구,영등포동,1156010100,0.325621,0.0195,0.319771,61.331188
33,용산구,갈월동,1117010400,0.317109,0.0046,0.315729,60.555943
34,용산구,한강로2가,1117012500,0.312425,0,0.312425,59.922245
35,중구,장충동2가,1114014400,0.312349,0,0.312349,59.907669
36,중구,회현동1가,1114012100,0.311196,0,0.311196,59.686527
37,중구,쌍림동,1114014700,0.310411,0,0.310411,59.535966
38,영등포구,영등포동2가,1156010300,0.308103,0,0.308103,59.093298
39,구로구,가리봉동,1153010300,0.306953,0,0.306953,58.872731
40,용산구,청파동2가,1117011000,0.305698,0,0.305698,58.632026
41,동작구,노량진동,1159010100,0.332628,0.0929,0.304758,58.451736
42,서대문구,옥천동,1141010700,0.303809,0,0.303809,58.269721
43,종로구,동숭동,1111016800,0.302061,0,0.302061,57.934459
44,용산구,원효로2가,1117011300,0.298007,0,0.298007,57.156913
45,용산구,서계동,1117010800,0.299967,0.0103,0.296877,56.940182
46,영등포구,영등포동3가,1156010400,0.29584,0,0.29584,56.741289
47,용산구,한남동,1117013100,0.295328,0,0.295328,56.643088
48,영등포구,도림동,1156011800,0.298158,0.0151,0.293628,56.317033
49,강서구,등촌동,1150010200,0.293365,0.0115,0.289915,55.60489
50,성동구,송정동,1120011800,0.293021,0.0153,0.288431,55.320263
51,중구,예장동,1114014200,0.288133,0,0.288133,55.263107
52,용산구,청파동3가,1117011100,0.287248,0,0.287248,55.093367
53,성북구,삼선동3가,1129011300,0.285073,0,0.285073,54.676208
54,영등포구,당산동1가,1156011100,0.283347,0,0.283347,54.345166
55,용산구,용산동2가,1117010200,0.282942,0,0.282942,54.267488
56,광진구,화양동,1121510700,0.282479,0.0044,0.281159,53.925514
57,용산구,원효로1가,1117011200,0.288226,0.0273,0.280036,53.710125
58,영등포구,영등포동5가,1156010600,0.278943,0,0.278943,53.500491
59,동대문구,용두동,1123010200,0.300378,0.0725,0.278628,53.440075
60,동대문구,회기동,1123010800,0.278278,0,0.278278,53.372946
61,영등포구,영등포동1가,1156010200,0.275149,0,0.275149,52.772812
62,서대문구,대현동,1141011200,0.275142,0,0.275142,52.77147
63,성북구,동소문동7가,1129011000,0.273817,0.0006,0.273637,52.482815
64,마포구,서교동,1144012000,0.279437,0.0255,0.271787,52.12799
65,동대문구,청량리동,1123010700,0.291311,0.0704,0.270191,51.821882
66,종로구,혜화동,1111016900,0.264774,0,0.264774,50.782916
67,영등포구,양평동6가,1156013000,0.262268,0,0.262268,50.302272
68,용산구,이태원동,1117013000,0.257716,0,0.257716,49.429211
69,종로구,옥인동,1111011100,0.257549,0,0.257549,49.397181
70,마포구,합정동,1144012200,0.25683,0,0.25683,49.259279
71,강북구,번동,1130510200,0.254829,0,0.254829,48.875493
72,중구,필동3가,1114013900,0.253209,0,0.253209,48.564781
73,은평구,대조동,1138010600,0.260247,0.0322,0.250587,48.061889
74,송파구,석촌동,1171010500,0.249307,0,0.249307,47.816389
75,용산구,보광동,1117013600,0.248096,0,0.248096,47.584122
76,용산구,용문동,1117012100,0.24779,0,0.24779,47.525432
77,용산구,후암동,1117010100,0.247771,0,0.247771,47.521788
78,성북구,삼선동4가,1129011400,0.247572,0,0.247572,47.483621
79,영등포구,당산동4가,1156011400,0.24713,0,0.24713,47.398846
80,마포구,대흥동,1144010800,0.252067,0.0175,0.246817,47.338814
81,마포구,도화동,1144010400,0.268602,0.0735,0.246552,47.287987
82,중랑구,중화동,1126010300,0.250849,0.0175,0.245599,47.105205
83,종로구,명륜3가,1111017300,0.244851,0,0.244851,46.96174
84,영등포구,당산동6가,1156011600,0.243753,0.0014,0.243333,46.670592
85,송파구,삼전동,1171010600,0.242947,0,0.242947,46.596558
86,성동구,성수동2가,1120011500,0.242933,0,0.242933,46.593873
87,중랑구,망우동,1126010500,0.242852,0,0.242852,46.578338
88,동대문구,이문동,1123011000,0.295785,0.1784,0.242265,46.465753
89,영등포구,양평동5가,1156012900,0.240859,0,0.240859,46.196086
90,용산구,서빙고동,1117013300,0.239886,0,0.239886,46.009467
91,서대문구,충정로3가,1141010200,0.239519,0,0.239519,45.939078
92,종로구,이화동,1111016500,0.238043,0,0.238043,45.655985
93,관악구,남현동,1162010300,0.237731,0,0.237731,45.596144
94,동작구,동작동,1159010600,0.237487,0,0.237487,45.549346
95,서대문구,천연동,1141010600,0.237413,0,0.237413,45.535153
96,종로구,홍지동,1111018500,0.235956,0,0.235956,45.255704
97,금천구,독산동,1154510200,0.240833,0.0168,0.235793,45.224441
98,종로구,연건동,1111016600,0.234489,0,0.234489,44.974338
99,영등포구,당산동,1156011700,0.24291,0.0341,0.23268,44.627376
100,종로구,창신동,1111017400,0.231301,0.0014,0.230881,44.282333
101,성북구,성북동,1129010100,0.230782,0,0.230782,44.263345
102,용산구,신계동,1117012300,0.234236,0.0154,0.229616,44.03971
103,중구,무학동,1114016400,0.229211,0,0.229211,43.962032
104,중구,필동2가,1114013800,0.227676,0,0.227676,43.667623
105,종로구,충신동,1111016700,0.228319,0.0022,0.227659,43.664363
106,영등포구,당산동3가,1156011300,0.227539,0,0.227539,43.641347
107,강남구,논현동,1168010800,0.231302,0.0145,0.226952,43.528762
108,성동구,금호동2가,1120011000,0.24089,0.0466,0.22691,43.520706
109,종로구,통인동,1111010800,0.226883,0,0.226883,43.515528
110,광진구,능동,1121510200,0.22642,0,0.22642,43.426726
111,성북구,동선동1가,1129011600,0.226318,0,0.226318,43.407162
112,광진구,중곡동,1121510100,0.231312,0.017,0.226212,43.386832
113,중구,황학동,1114016500,0.23535,0.031,0.22605,43.355761
114,마포구,연남동,1144012400,0.226541,0.0026,0.225761,43.300331
115,성북구,삼선동5가,1129011500,0.224275,0,0.224275,43.015321
116,종로구,청운동,1111010100,0.223666,0,0.223666,42.898516
117,성북구,동소문동4가,1129010700,0.223385,0,0.223385,42.844621
118,마포구,중동,1144012600,0.222853,0,0.222853,42.742585
119,동대문구,제기동,1123010300,0.232035,0.0359,0.221265,42.438011
120,관악구,신림동,1162010200,0.276234,0.184,0.221034,42.393706
121,마포구,토정동,1144010600,0.221015,0,0.221015,42.390062
122,용산구,원효로3가,1117011700,0.220465,0,0.220465,42.284573
123,동작구,사당동,1159010700,0.225638,0.0239,0.218468,41.901554
124,마포구,당인동,1144011800,0.218224,0,0.218224,41.854756
125,용산구,신창동,1117011400,0.216723,0,0.216723,41.566868
126,구로구,오류동,1153010800,0.234228,0.0607,0.216018,41.431651
127,중구,을지로6가,1114014800,0.216254,0.0018,0.215714,41.373345
128,용산구,동빙고동,1117013200,0.214259,0,0.214259,41.09428
129,성북구,성북동1가,1129010200,0.214089,0,0.214089,41.061674
130,서초구,양재동,1165010200,0.231279,0.0575,0.214029,41.050166
131,은평구,수색동,1138010100,0.252342,0.1323,0.212652,40.786062
132,중구,묵정동,1114013600,0.212453,0,0.212453,40.747894
133,성북구,보문동5가,1129012700,0.212395,0,0.212395,40.73677
134,송파구,마천동,1171011400,0.249758,0.1247,0.212348,40.727755
135,송파구,방이동,1171011100,0.212078,0,0.212078,40.67597
136,용산구,효창동,1117011900,0.215364,0.0128,0.211524,40.569714
137,서대문구,연희동,1141011700,0.212227,0.0034,0.211207,40.508915
138,마포구,구수동,1144011300,0.210592,0,0.210592,40.390959
139,마포구,망원동,1144012300,0.209563,0.0005,0.209413,40.164831
140,성북구,보문동1가,1129013000,0.209235,0,0.209235,40.130691
141,용산구,산천동,1117011500,0.219053,0.0335,0.209003,40.086194
142,마포구,신공덕동,1144010300,0.222135,0.0443,0.208845,40.05589
143,강남구,역삼동,1168010100,0.214442,0.0191,0.208712,40.030381
144,성북구,동소문동6가,1129010900,0.208237,0,0.208237,39.939277
145,종로구,명륜1가,1111017000,0.207704,0,0.207704,39.837049
146,성북구,삼선동2가,1129011200,0.207251,0,0.207251,39.750165
147,성동구,도선동,1120010400,0.206946,0,0.206946,39.691667
148,구로구,고척동,1153010600,0.208852,0.0117,0.205342,39.384024
149,성북구,안암동4가,1129012400,0.204927,0,0.204927,39.304428
150,동작구,본동,1159010400,0.215992,0.0371,0.204862,39.291961
151,강동구,천호동,1174010900,0.22744,0.078,0.20404,39.134304
152,광진구,구의동,1121510300,0.206236,0.0084,0.203716,39.072162
153,성북구,상월곡동,1129013700,0.21052,0.0256,0.20284,38.904147
154,중랑구,면목동,1126010100,0.235509,0.1103,0.202419,38.823401
155,마포구,염리동,1144010900,0.202138,0,0.202138,38.769506
156,성동구,금호동3가,1120011100,0.204318,0.0075,0.202068,38.75608
157,용산구,한강로1가,1117012400,0.218696,0.0569,0.201626,38.671306
158,종로구,명륜4가,1111017200,0.20147,0,0.20147,38.641385
159,은평구,불광동,1138010300,0.22535,0.08,0.20135,38.61837
160,마포구,신수동,1144011100,0.227894,0.0907,0.200684,38.490633
161,성동구,성수동1가,1120011400,0.199898,0,0.199898,38.33988
162,용산구,한강로3가,1117012800,0.199779,0,0.199779,38.317056
163,강동구,성내동,1174010800,0.2105,0.0358,0.19976,38.313412
164,용산구,원효로4가,1117011800,0.19958,0,0.19958,38.278888
165,영등포구,양평동4가,1156012800,0.199032,0,0.199032,38.173784
166,은평구,역촌동,1138010800,0.201011,0.0072,0.198851,38.139068
167,강북구,우이동,1130510400,0.197982,0,0.197982,37.972397
168,은평구,갈현동,1138010400,0.199386,0.0051,0.197856,37.94823
169,동작구,신대방동,1159010900,0.210915,0.0436,0.197835,37.944202
170,중구,광희동2가,1114014600,0.1975,0,0.1975,37.87995
171,은평구,녹번동,1138010200,0.211423,0.0551,0.194893,37.379935
172,중구,중림동,1114017100,0.204397,0.0328,0.194557,37.315491
173,성북구,동선동5가,1129012000,0.19385,0,0.19385,37.17989
174,종로구,홍파동,1111017900,0.19347,0,0.19347,37.107008
175,마포구,공덕동,1144010200,0.214052,0.0687,0.193442,37.101637
176,성북구,하월곡동,1129013600,0.222502,0.0975,0.193252,37.065196
177,동작구,상도1동,1159010300,0.192315,0,0.192315,36.885482
178,은평구,증산동,1138011000,0.198772,0.0218,0.192232,36.869563
179,송파구,송파동,1171010400,0.192299,0.0021,0.191669,36.761581
180,강서구,염창동,1150010100,0.191341,0,0.191341,36.698671
181,중랑구,상봉동,1126010200,0.237636,0.1583,0.190146,36.469474
182,도봉구,쌍문동,1132010500,0.19395,0.0161,0.18912,36.27269
183,서대문구,충정로2가,1141010100,0.18824,0,0.18824,36.103908
184,마포구,성산동,1144012500,0.238261,0.1693,0.187471,35.956416
185,도봉구,창동,1132010700,0.188473,0.0046,0.187093,35.883917
186,성북구,석관동,1129013900,0.194404,0.025,0.186904,35.847667
187,강서구,화곡동,1150010300,0.189754,0.0115,0.186304,35.732589
188,성북구,장위동,1129013800,0.230604,0.1478,0.186264,35.724917
189,동작구,대방동,1159010800,0.187164,0.0035,0.186114,35.696147
190,성북구,종암동,1129013500,0.218044,0.1065,0.186094,35.692311
191,영등포구,신길동,1156013200,0.244022,0.1933,0.186032,35.68042
192,종로구,신영동,1111018600,0.184401,0,0.184401,35.367599
193,종로구,내수동,1111011800,0.1842,0,0.1842,35.329047
194,성북구,보문동7가,1129012900,0.183661,0,0.183661,35.225669
195,동대문구,장안동,1123010600,0.188162,0.0158,0.183422,35.179829
196,강동구,길동,1174010500,0.19237,0.0307,0.18316,35.129578
197,영등포구,양평동3가,1156012700,0.183049,0,0.183049,35.108289
198,강남구,청담동,1168010400,0.182308,0.0017,0.181798,34.86835
199,광진구,자양동,1121510500,0.210133,0.0971,0.181003,34.715872
200,종로구,누상동,1111010900,0.179742,0,0.179742,34.474015
201,강남구,세곡동,1168011100,0.222787,0.144,0.179587,34.444287
202,강북구,수유동,1130510300,0.184365,0.0191,0.178635,34.261696
203,구로구,온수동,1153011000,0.180091,0.005,0.178591,34.253257
204,노원구,하계동,1135010400,0.219752,0.1395,0.177902,34.121108
205,구로구,구로동,1153010200,0.190014,0.0417,0.177504,34.044773
206,성북구,보문동6가,1129012800,0.184249,0.0332,0.174289,33.428145
207,강서구,공항동,1150010800,0.174002,0,0.174002,33.373099
208,성동구,마장동,1120010500,0.188157,0.0485,0.173607,33.297339
209,영등포구,대림동,1156013300,0.174283,0.0062,0.172423,33.070251
210,마포구,상수동,1144011500,0.176664,0.0176,0.171384,32.870974
211,중구,만리동1가,1114017300,0.171216,0,0.171216,32.838752
212,성북구,돈암동,1129010300,0.229591,0.196,0.170791,32.757238
213,마포구,용강동,1144010500,0.169475,0,0.169475,32.504833
214,성북구,동소문동1가,1129010400,0.168338,0.0009,0.168068,32.234975
215,용산구,주성동,1117013400,0.166585,0,0.166585,31.950539
216,종로구,체부동,1111011200,0.166542,0,0.166542,31.942292
217,성북구,동선동4가,1129011900,0.165529,0,0.165529,31.748001
218,동대문구,신설동,1123010100,0.165491,0,0.165491,31.740713
219,은평구,구산동,1138010500,0.170194,0.016,0.165394,31.722109
220,종로구,효자동,1111010400,0.164935,0,0.164935,31.634074
221,서대문구,홍은동,1141011800,0.181433,0.0562,0.164573,31.564643
222,마포구,창전동,1144011400,0.174831,0.0351,0.164301,31.512474
223,종로구,필운동,1111011300,0.16422,0,0.16422,31.496939
224,은평구,신사동,1138010900,0.163925,0,0.163925,31.440359
225,종로구,행촌동,1111018100,0.177395,0.0459,0.163625,31.38282
226,서초구,방배동,1165010100,0.169585,0.0199,0.163615,31.380902
227,종로구,원서동,1111014900,0.162769,0,0.162769,31.218641
228,강동구,암사동,1174010700,0.166644,0.0135,0.162594,31.185077
229,구로구,궁동,1153010900,0.162144,0,0.162144,31.098768
230,종로구,사직동,1111011500,0.160664,0,0.160664,30.814908
231,송파구,풍납동,1171010300,0.16296,0.0094,0.16014,30.714406
232,도봉구,방학동,1132010600,0.160187,0.0006,0.160007,30.688897
233,강남구,삼성동,1168010500,0.159884,0,0.159884,30.665306
234,금천구,시흥동,1154510300,0.214756,0.1834,0.159736,30.63692
235,종로구,신교동,1111010200,0.157372,0,0.157372,30.183512
236,중랑구,묵동,1126010400,0.160861,0.0184,0.155341,29.793971
237,용산구,문배동,1117012200,0.15504,0,0.15504,29.73624
238,구로구,신도림동,1153010100,0.157044,0.0068,0.155004,29.729336
239,종로구,계동,1111014800,0.154794,0,0.154794,29.689058
240,종로구,명륜2가,1111017100,0.15428,0,0.15428,29.590475
241,동작구,흑석동,1159010500,0.187106,0.1104,0.153986,29.534086
242,동작구,상도동,1159010200,0.216248,0.212,0.152648,29.277462
243,서대문구,홍제동,1141011100,0.187967,0.1206,0.151787,29.112324
244,영등포구,당산동2가,1156011200,0.151085,0,0.151085,28.977682
245,서대문구,남가좌동,1141012000,0.205364,0.185,0.149864,28.743498
246,서초구,신원동,1165011100,0.149071,0,0.149071,28.591403
247,강서구,외발산동,1150010700,0.148879,0,0.148879,28.554578
248,성동구,하왕십리동,1120010200,0.202411,0.1796,0.148531,28.487832
249,서대문구,북가좌동,1141011900,0.175909,0.0914,0.148489,28.479777
250,서초구,서초동,1165010800,0.16901,0.0712,0.14765,28.318859
251,송파구,오금동,1171011200,0.178353,0.1059,0.146583,28.114211
252,종로구,부암동,1111018400,0.144765,0,0.144765,27.765524
253,동대문구,전농동,1123010400,0.19754,0.1793,0.14375,27.57085
254,양천구,신월동,1147010300,0.1673,0.0789,0.14363,27.547834
255,성북구,정릉동,1129013300,0.161455,0.0595,0.143605,27.543039
256,성동구,응봉동,1120010800,0.142914,0,0.142914,27.410507
257,도봉구,도봉동,1132010800,0.164532,0.0722,0.142872,27.402452
258,성동구,옥수동,1120011300,0.179449,0.1288,0.140809,27.006774
259,중구,만리동2가,1114017400,0.147696,0.0237,0.140586,26.964003
260,서대문구,냉천동,1141010500,0.14394,0.018,0.13854,26.571586
261,강동구,고덕동,1174010200,0.174694,0.1222,0.138034,26.474537
262,송파구,잠실동,1171010100,0.140845,0.0146,0.136465,26.173607
263,동대문구,답십리동,1123010500,0.203357,0.2233,0.136367,26.154811
264,구로구,개봉동,1153010700,0.147826,0.0409,0.135556,25.999263
265,종로구,구기동,1111018200,0.135455,0,0.135455,25.979892
266,성북구,길음동,1129013400,0.205455,0.2335,0.135405,25.970302
267,영등포구,문래동3가,1156012100,0.135212,0,0.135212,25.933285
268,서대문구,북아현동,1141011000,0.156375,0.0715,0.134925,25.878239
269,영등포구,문래동1가,1156011900,0.134055,0.002,0.133455,25.596298
270,강남구,대치동,1168010600,0.134548,0.0072,0.132388,25.39165
271,성동구,금호동4가,1120011200,0.150692,0.0679,0.130322,24.995397
272,종로구,가회동,1111014600,0.130158,0,0.130158,24.963942
273,중구,신당동,1114016200,0.228457,0.3336,0.128377,24.622351
274,강동구,둔촌동,1174010600,0.157066,0.097,0.127966,24.543523
275,성동구,금호동1가,1120010900,0.165408,0.1253,0.127818,24.515137
276,종로구,평창동,1111018300,0.127557,0,0.127557,24.465078
277,성동구,홍익동,1120010300,0.127186,0,0.127186,24.393921
278,노원구,공릉동,1135010300,0.191465,0.2146,0.127085,24.374549
279,은평구,응암동,1138010700,0.172643,0.1525,0.126893,24.337724
280,용산구,이촌동,1117012900,0.126726,0,0.126726,24.305694
281,종로구,누하동,1111011000,0.124481,0,0.124481,23.875109
282,성북구,안암동2가,1129012200,0.122796,0,0.122796,23.551931
283,용산구,도원동,1117012000,0.137229,0.0494,0.122409,23.477705
284,강동구,명일동,1174010100,0.124698,0.0143,0.120408,23.093919
285,광진구,광장동,1121510400,0.119809,0,0.119809,22.979033
286,강남구,자곡동,1168011200,0.160456,0.1417,0.117946,22.621715
287,성동구,행당동,1120010700,0.184629,0.2264,0.116709,22.384461
288,양천구,목동,1147010200,0.133771,0.057,0.116671,22.377173
289,강남구,신사동,1168010700,0.116939,0.0043,0.115649,22.181156
290,강남구,일원동,1168011400,0.185018,0.2396,0.113138,21.699553
291,송파구,가락동,1171010700,0.151332,0.13,0.112332,21.544965
292,노원구,월계동,1135010200,0.205971,0.3262,0.108111,20.735389
293,서대문구,영천동,1141010800,0.10744,0,0.10744,20.606693
294,동대문구,휘경동,1123010900,0.12986,0.0817,0.10535,20.205837
295,관악구,봉천동,1162010100,0.2733,0.5619,0.10473,20.086922
296,성북구,보문동3가,1129013200,0.103202,0,0.103202,19.793856
297,서초구,잠원동,1165010600,0.119085,0.0546,0.102705,19.698533
298,서초구,우면동,1165010300,0.167267,0.2178,0.101927,19.549315
299,성북구,보문동4가,1129012600,0.098787,0,0.098787,18.947072
300,강남구,도곡동,1168011800,0.098729,0.0083,0.096239,18.458372
301,종로구,창성동,1111010500,0.092349,0,0.092349,17.712281
302,서초구,반포동,1165010700,0.133043,0.1364,0.092123,17.668935
303,강북구,미아동,1130510100,0.198777,0.3557,0.092067,17.658194
304,송파구,거여동,1171011300,0.179818,0.2995,0.089968,17.255612
305,마포구,아현동,1144010100,0.149336,0.2005,0.089186,17.105627
306,구로구,항동,1153011200,0.145302,0.1904,0.088182,16.913062
307,강서구,가양동,1150010400,0.272916,0.626,0.085116,16.325012
308,강서구,마곡동,1150010500,0.244406,0.5361,0.083576,16.029644
309,종로구,안국동,1111014100,0.082754,0,0.082754,15.871987
310,서초구,염곡동,1165011000,0.082009,0,0.082009,15.729098
311,노원구,상계동,1135010500,0.181328,0.3332,0.081368,15.606156
312,강남구,율현동,1168011300,0.090301,0.0402,0.078241,15.006406
313,강서구,방화동,1150010900,0.192676,0.3824,0.077956,14.951744
314,마포구,상암동,1144012700,0.186792,0.3729,0.074922,14.369831
315,강남구,개포동,1168010300,0.141671,0.237,0.070571,13.535321
316,성북구,보문동2가,1129013100,0.06955,0,0.06955,13.339496
317,종로구,연지동,1111016000,0.068465,0,0.068465,13.131396
318,강서구,내발산동,1150010600,0.158525,0.3023,0.067835,13.010564
319,종로구,운니동,1111013200,0.06304,0,0.06304,12.090897
320,마포구,하중동,1144011600,0.060331,0,0.060331,11.571318
321,서초구,내곡동,1165010900,0.086196,0.0995,0.056346,10.807006
322,종로구,무악동,1111018700,0.070426,0.0509,0.055156,10.578767
323,송파구,문정동,1171010800,0.195764,0.4897,0.048854,9.370061
324,중랑구,신내동,1126010600,0.19635,0.5095,0.0435,8.343179
325,중구,남산동2가,1114012900,0.035697,0,0.035697,6.846585
326,노원구,중계동,1135010600,0.176777,0.5043,0.025487,4.888336
327,강동구,상일동,1174010300,0.146408,0.4257,0.018698,3.586224
328,구로구,천왕동,1153011100,0.095033,0.4641,-0.044197,-8.476862
329,은평구,진관동,1138011400,0.102188,0.6294,-0.086632,-16.615776
330,양천구,신정동,1147010100,0.160193,1,-0.139807,-26.814593
331,중구,회현동2가,1114012200,0,0,0,0
332,종로구,청진동,1111012200,,0,,
333,종로구,경운동,1111013400,,0,,
334,종로구,관철동,1111013500,,0,,
335,종로구,낙원동,1111013700,,0,,
336,종로구,원남동,1111015900,,0,,
337,종로구,종로3가,1111015600,,0,,
338,종로구,인의동,1111015700,,0,,
339,종로구,권농동,1111013100,,0,,
340,종로구,익선동,1111013300,,0,,
341,종로구,돈의동,1111015300,,0,,
342,종로구,견지동,1111012900,,0,,
343,종로구,예지동,1111015800,,0,,
344,종로구,수송동,1111012400,,0,,
345,종로구,봉익동,1111015200,,0,,
346,종로구,종로1가,1111012600,,0,,
347,종로구,인사동,1111013600,,0,,
348,종로구,장사동,1111015400,,0,,
349,서대문구,봉원동,1141011500,,0,,
350,종로구,관훈동,1111012800,,0,,
351,종로구,묘동,1111015100,,0,,
352,종로구,종로2가,1111013800,,0,,
353,종로구,종로4가,1111016100,,0,,
354,중구,입정동,1114015600,,0,,
355,종로구,와룡동,1111013000,,0,,
356,중구,을지로5가,1114015100,,0,,
357,중구,인현동2가,1114013400,,0,,
358,중구,주교동,1114015200,,0,,
359,중구,오장동,1114015400,,0,,
360,중구,을지로4가,1114015000,,0,,
361,중구,광희동1가,1114014500,,0,,
362,중구,저동2가,1114016100,,0,,
363,강남구,수서동,1168011500,,0.1467,,
364,중구,산림동,1114015700,,0,,
365,중구,을지로3가,1114015500,,0,,
366,중구,초동,1114015900,,0,,
367,종로구,종로6가,1111016400,,0,,
368,종로구,종로5가,1111016300,,0,,
369,종로구,효제동,1111016200,,0,,
370,중구,방산동,1114015300,,0,,
371,중구,인현동1가,1114016000,,0,,
372,중구,충무로4가,1114013200,,0,,
373,중구,충무로5가,1114013300,,0,,
374,중구,을지로7가,1114014900,,0,,
375,중구,흥인동,1114016300,,0,,
376,중구,남창동,1114011200,,0,,
377,중구,남대문로5가,1114011800,,0,,
378,중구,충무로3가,1114015800,,0,,
379,중구,필동1가,1114013700,,0,,
380,강서구,개화동,1150011000,,0.0291,,
381,중구,예관동,1114013500,,0,,
382,중구,남학동,1114014000,,0,,
383,중구,순화동,1114016800,,0,,
384,중구,주자동,1114014100,,0,,
385,성북구,동소문동5가,1129010800,,0,,
386,성북구,동소문동2가,1129010500,,0,,
387,영등포구,당산동5가,1156011500,,0,,
388,서초구,원지동,1165010400,,0,,
389,서대문구,합동,1141010300,,0,,
390,용산구,용산동5가,1117012700,,0,,
391,중구,정동,1114016700,,0,,
392,중구,의주로1가,1114016900,,0,,
393,서대문구,미근동,1141010400,,0,,
394,중구,봉래동1가,1114011900,,0,,
395,중구,북창동,1114011300,,0,,
396,성동구,상왕십리동,1120010100,,0.0194,,
397,성북구,동소문동3가,1129010600,,0,,
398,중구,태평로2가,1114011400,,0,,
399,용산구,청암동,1117011600,,0,,
400,중구,명동2가,1114012700,,0,,
401,마포구,신정동,1144011700,,0,,
402,종로구,중학동,1111012500,,0,,
403,서대문구,현저동,1141010900,,0.0556,,
404,중구,충무로2가,1114012500,,0,,
405,중구,서소문동,1114016600,,0,,
406,강동구,강일동,1174011000,,0.8002,,
407,중구,회현동3가,1114012300,,0,,
408,중구,남산동3가,1114013000,,0,,
409,종로구,당주동,1111011700,,0,,
410,종로구,통의동,1111010600,,0,,
411,중구,남산동1가,1114012800,,0,,
412,송파구,장지동,1171010900,,0,,
413,종로구,평동,1111017700,,0,,
414,종로구,삼청동,1111014000,,0,,
415,종로구,교북동,1111018000,,0,,
416,종로구,송월동,1111017800,,0,,
417,종로구,팔판동,1111013900,,0,,
418,종로구,교남동,1111017600,,0,,
419,중구,을지로2가,1114010500,,0,,
420,종로구,화동,1111014300,,0,,
421,종로구,재동,1111014700,,0,,
422,종로구,신문로1가,1111012000,,0,,
423,종로구,내자동,1111011400,,0,,
424,종로구,사간동,1111014400,,0,,
425,종로구,소격동,1111014200,,0,,
426,종로구,궁정동,1111010300,,0,,
427,중구,저동1가,1114013100,,0,,
428,종로구,적선동,1111010700,,0,,
429,중구,다동,1114010200,,0,,
430,영등포구,문래동6가,1156012400,,0,,
431,영등포구,문래동5가,1156012300,,0,,
432,영등포구,문래동4가,1156012200,,0,,
433,영등포구,문래동2가,1156012000,,0,,
434,중구,의주로2가,1114017200,,0,,
435,영등포구,여의도동,1156011000,,0,,
436,중구,남대문로3가,1114011600,,0,,
437,강남구,압구정동,1168011000,,0,,
438,중구,남대문로4가,1114011700,,0,,
439,중구,충무로1가,1114012400,,0,,
440,송파구,신천동,1171010200,,0,,
441,중구,봉래동2가,1114012000,,0.0167,,
442,영등포구,양화동,1156013100,,0,,
443,중구,남대문로1가,1114010600,,0,,
444,종로구,세종로,1111011900,,0,,
445,종로구,서린동,1111012300,,0,,
446,종로구,공평동,1111012700,,0,,
447,강서구,과해동,1150011100,,0.0018,,
448,용산구,용산동1가,1117010600,,0,,
449,강서구,오곡동,1150011200,,0,,
450,강서구,오쇠동,1150011300,,0,,
451,영등포구,양평동,1156013400,,0.0073,,
452,종로구,송현동,1111014500,,0,,
453,중구,남대문로2가,1114011500,,0,,
454,용산구,용산동6가,1117013500,,0,,
455,중구,소공동,1114011100,,0,,
456,중구,수표동,1114011000,,0,,
457,종로구,훈정동,1111015000,,0,,
458,중구,충정로1가,1114017000,,0,,
459,용산구,용산동4가,1117010300,,0,,
460,중구,장교동,1114010900,,0,,
461,중구,수하동,1114010800,,0,,
462,중구,무교동,1114010100,,0,,
463,중구,태평로1가,1114010300,,0,,
464,중구,을지로1가,1114010400,,0,,
465,종로구,도렴동,1111011600,,0,,
466,중구,삼각동,1114010700,,0,,
467,중구,명동1가,1114012600,,0,,
